architecture,model,preprocessing,repeat,outer_fold,seed,subject_id,y_true,y_pred,y_proba
CNN,CNN,128Hz_synthetic,0,0,42000,SYN0000,1,0,0.4979283809661865
CNN,CNN,128Hz_synthetic,0,0,42000,SYN0000,1,0,0.4983505606651306
CNN,CNN,128Hz_synthetic,0,0,42000,SYN0000,1,0,0.49835196137428284
CNN,CNN,128Hz_synthetic,0,0,42000,SYN0000,1,0,0.49816662073135376
CNN,CNN,128Hz_synthetic,0,0,42000,SYN0000,1,0,0.49838918447494507
CNN,CNN,128Hz_synthetic,0,0,42000,SYN0001,1,0,0.4984668493270874
CNN,CNN,128Hz_synthetic,0,0,42000,SYN0001,1,0,0.4978635311126709
CNN,CNN,128Hz_synthetic,0,0,42000,SYN0001,1,0,0.4987797439098358
CNN,CNN,128Hz_synthetic,0,0,42000,SYN0001,1,0,0.4983164668083191
CNN,CNN,128Hz_synthetic,0,0,42000,SYN0003,1,0,0.4980032742023468
CNN,CNN,128Hz_synthetic,0,0,42000,SYN0003,1,0,0.4983517527580261
CNN,CNN,128Hz_synthetic,0,0,42000,SYN0003,1,0,0.4981251358985901
CNN,CNN,128Hz_synthetic,0,0,42000,SYN0004,1,0,0.49842485785484314
CNN,CNN,128Hz_synthetic,0,0,42000,SYN0004,1,0,0.49826934933662415
CNN,CNN,128Hz_synthetic,0,0,42000,SYN0004,1,0,0.4979664385318756
CNN,CNN,128Hz_synthetic,0,0,42000,SYN0011,1,0,0.4982198178768158
CNN,CNN,128Hz_synthetic,0,0,42000,SYN0011,1,0,0.49840229749679565
CNN,CNN,128Hz_synthetic,0,0,42000,SYN0011,1,0,0.49839451909065247
CNN,CNN,128Hz_synthetic,0,0,42000,SYN0011,1,0,0.49785780906677246
CNN,CNN,128Hz_synthetic,0,0,42000,SYN0011,1,0,0.4979848265647888
CNN,CNN,128Hz_synthetic,0,0,42000,SYN0016,0,0,0.49880146980285645
CNN,CNN,128Hz_synthetic,0,0,42000,SYN0016,0,0,0.49815282225608826
CNN,CNN,128Hz_synthetic,0,0,42000,SYN0016,0,0,0.49873530864715576
CNN,CNN,128Hz_synthetic,0,0,42000,SYN0016,0,0,0.49805769324302673
CNN,CNN,128Hz_synthetic,0,0,42000,SYN0016,0,0,0.49849119782447815
CNN,CNN,128Hz_synthetic,0,0,42000,SYN0017,0,0,0.4985274076461792
CNN,CNN,128Hz_synthetic,0,0,42000,SYN0017,0,0,0.4987286627292633
CNN,CNN,128Hz_synthetic,0,0,42000,SYN0017,0,0,0.49864113330841064
CNN,CNN,128Hz_synthetic,0,0,42000,SYN0017,0,0,0.4988214373588562
CNN,CNN,128Hz_synthetic,0,0,42000,SYN0018,0,0,0.49825429916381836
CNN,CNN,128Hz_synthetic,0,0,42000,SYN0018,0,0,0.4983910620212555
CNN,CNN,128Hz_synthetic,0,0,42000,SYN0018,0,0,0.49814748764038086
CNN,CNN,128Hz_synthetic,0,0,42000,SYN0021,0,0,0.49813953042030334
CNN,CNN,128Hz_synthetic,0,0,42000,SYN0021,0,0,0.4981117248535156
CNN,CNN,128Hz_synthetic,0,0,42000,SYN0021,0,0,0.49822503328323364
CNN,CNN,128Hz_synthetic,0,0,42000,SYN0029,0,0,0.49816274642944336
CNN,CNN,128Hz_synthetic,0,0,42000,SYN0029,0,0,0.4985252916812897
CNN,CNN,128Hz_synthetic,0,0,42000,SYN0029,0,0,0.4985809922218323
CNN,CNN+LR,128Hz_synthetic,0,0,42000,SYN0000,1,0,0.49999159574508667
CNN,CNN+LR,128Hz_synthetic,0,0,42000,SYN0000,1,0,0.49993622303009033
CNN,CNN+LR,128Hz_synthetic,0,0,42000,SYN0000,1,1,0.500034749507904
CNN,CNN+LR,128Hz_synthetic,0,0,42000,SYN0000,1,1,0.5000218152999878
CNN,CNN+LR,128Hz_synthetic,0,0,42000,SYN0000,1,1,0.5000424385070801
CNN,CNN+LR,128Hz_synthetic,0,0,42000,SYN0001,1,1,0.5000650882720947
CNN,CNN+LR,128Hz_synthetic,0,0,42000,SYN0001,1,0,0.4999704957008362
CNN,CNN+LR,128Hz_synthetic,0,0,42000,SYN0001,1,0,0.499994158744812
CNN,CNN+LR,128Hz_synthetic,0,0,42000,SYN0001,1,0,0.49998265504837036
CNN,CNN+LR,128Hz_synthetic,0,0,42000,SYN0003,1,1,0.5000045895576477
CNN,CNN+LR,128Hz_synthetic,0,0,42000,SYN0003,1,0,0.49994051456451416
CNN,CNN+LR,128Hz_synthetic,0,0,42000,SYN0003,1,0,0.4999781847000122
CNN,CNN+LR,128Hz_synthetic,0,0,42000,SYN0004,1,1,0.5000230073928833
CNN,CNN+LR,128Hz_synthetic,0,0,42000,SYN0004,1,1,0.5000243186950684
CNN,CNN+LR,128Hz_synthetic,0,0,42000,SYN0004,1,0,0.4999282956123352
CNN,CNN+LR,128Hz_synthetic,0,0,42000,SYN0011,1,0,0.4999387264251709
CNN,CNN+LR,128Hz_synthetic,0,0,42000,SYN0011,1,0,0.4999523162841797
CNN,CNN+LR,128Hz_synthetic,0,0,42000,SYN0011,1,0,0.49998176097869873
CNN,CNN+LR,128Hz_synthetic,0,0,42000,SYN0011,1,1,0.5000016689300537
CNN,CNN+LR,128Hz_synthetic,0,0,42000,SYN0011,1,0,0.4999275207519531
CNN,CNN+LR,128Hz_synthetic,0,0,42000,SYN0016,0,1,0.5000307559967041
CNN,CNN+LR,128Hz_synthetic,0,0,42000,SYN0016,0,0,0.49999111890792847
CNN,CNN+LR,128Hz_synthetic,0,0,42000,SYN0016,0,1,0.5000923871994019
CNN,CNN+LR,128Hz_synthetic,0,0,42000,SYN0016,0,0,0.4999240040779114
CNN,CNN+LR,128Hz_synthetic,0,0,42000,SYN0016,0,0,0.4999880790710449
CNN,CNN+LR,128Hz_synthetic,0,0,42000,SYN0017,0,1,0.5000248551368713
CNN,CNN+LR,128Hz_synthetic,0,0,42000,SYN0017,0,1,0.5000274777412415
CNN,CNN+LR,128Hz_synthetic,0,0,42000,SYN0017,0,1,0.5000181198120117
CNN,CNN+LR,128Hz_synthetic,0,0,42000,SYN0017,0,1,0.5000554919242859
CNN,CNN+LR,128Hz_synthetic,0,0,42000,SYN0018,0,0,0.49997806549072266
CNN,CNN+LR,128Hz_synthetic,0,0,42000,SYN0018,0,1,0.5000295639038086
CNN,CNN+LR,128Hz_synthetic,0,0,42000,SYN0018,0,0,0.4999597668647766
CNN,CNN+LR,128Hz_synthetic,0,0,42000,SYN0021,0,0,0.49993032217025757
CNN,CNN+LR,128Hz_synthetic,0,0,42000,SYN0021,0,0,0.49995648860931396
CNN,CNN+LR,128Hz_synthetic,0,0,42000,SYN0021,0,0,0.4999591112136841
CNN,CNN+LR,128Hz_synthetic,0,0,42000,SYN0029,0,0,0.49994540214538574
CNN,CNN+LR,128Hz_synthetic,0,0,42000,SYN0029,0,1,0.500015377998352
CNN,CNN+LR,128Hz_synthetic,0,0,42000,SYN0029,0,1,0.5000352263450623
CNN,CNN+LinearSVM,128Hz_synthetic,0,0,42000,SYN0000,1,1,0.43980799671346854
CNN,CNN+LinearSVM,128Hz_synthetic,0,0,42000,SYN0000,1,1,0.4398231381716947
CNN,CNN+LinearSVM,128Hz_synthetic,0,0,42000,SYN0000,1,1,0.43979617644920327
CNN,CNN+LinearSVM,128Hz_synthetic,0,0,42000,SYN0000,1,1,0.43979972466566053
CNN,CNN+LinearSVM,128Hz_synthetic,0,0,42000,SYN0000,1,1,0.43979402080193175
CNN,CNN+LinearSVM,128Hz_synthetic,0,0,42000,SYN0001,1,1,0.4397879162000784
CNN,CNN+LinearSVM,128Hz_synthetic,0,0,42000,SYN0001,1,1,0.43981372616036957
CNN,CNN+LinearSVM,128Hz_synthetic,0,0,42000,SYN0001,1,1,0.4398072669261818
CNN,CNN+LinearSVM,128Hz_synthetic,0,0,42000,SYN0001,1,1,0.4398104358690564
CNN,CNN+LinearSVM,128Hz_synthetic,0,0,42000,SYN0003,1,1,0.4398044894474395
CNN,CNN+LinearSVM,128Hz_synthetic,0,0,42000,SYN0003,1,1,0.4398219052902245
CNN,CNN+LinearSVM,128Hz_synthetic,0,0,42000,SYN0003,1,1,0.43981160935558516
CNN,CNN+LinearSVM,128Hz_synthetic,0,0,42000,SYN0004,1,1,0.43979940737905404
CNN,CNN+LinearSVM,128Hz_synthetic,0,0,42000,SYN0004,1,1,0.4397990848188821
CNN,CNN+LinearSVM,128Hz_synthetic,0,0,42000,SYN0004,1,1,0.4398251966533691
CNN,CNN+LinearSVM,128Hz_synthetic,0,0,42000,SYN0011,1,1,0.43982236238711353
CNN,CNN+LinearSVM,128Hz_synthetic,0,0,42000,SYN0011,1,1,0.4398187190661031
CNN,CNN+LinearSVM,128Hz_synthetic,0,0,42000,SYN0011,1,1,0.43981063602794046
CNN,CNN+LinearSVM,128Hz_synthetic,0,0,42000,SYN0011,1,1,0.4398051574402825
CNN,CNN+LinearSVM,128Hz_synthetic,0,0,42000,SYN0011,1,1,0.43982545931332345
CNN,CNN+LinearSVM,128Hz_synthetic,0,0,42000,SYN0016,0,1,0.4397972891918083
CNN,CNN+LinearSVM,128Hz_synthetic,0,0,42000,SYN0016,0,1,0.4398080986447173
CNN,CNN+LinearSVM,128Hz_synthetic,0,0,42000,SYN0016,0,1,0.43978047415921434
CNN,CNN+LinearSVM,128Hz_synthetic,0,0,42000,SYN0016,0,1,0.43982645667745845
CNN,CNN+LinearSVM,128Hz_synthetic,0,0,42000,SYN0016,0,1,0.43980891952493834
CNN,CNN+LinearSVM,128Hz_synthetic,0,0,42000,SYN0017,0,1,0.4397988822194558
CNN,CNN+LinearSVM,128Hz_synthetic,0,0,42000,SYN0017,0,1,0.4397982652725859
CNN,CNN+LinearSVM,128Hz_synthetic,0,0,42000,SYN0017,0,1,0.43980075440829747
CNN,CNN+LinearSVM,128Hz_synthetic,0,0,42000,SYN0017,0,1,0.439790607317812
CNN,CNN+LinearSVM,128Hz_synthetic,0,0,42000,SYN0018,0,1,0.4398115958804002
CNN,CNN+LinearSVM,128Hz_synthetic,0,0,42000,SYN0018,0,1,0.439797627078389
CNN,CNN+LinearSVM,128Hz_synthetic,0,0,42000,SYN0018,0,1,0.4398167627676826
CNN,CNN+LinearSVM,128Hz_synthetic,0,0,42000,SYN0021,0,1,0.43982459783932004
CNN,CNN+LinearSVM,128Hz_synthetic,0,0,42000,SYN0021,0,1,0.43981755832666564
CNN,CNN+LinearSVM,128Hz_synthetic,0,0,42000,SYN0021,0,1,0.4398168510801006
CNN,CNN+LinearSVM,128Hz_synthetic,0,0,42000,SYN0029,0,1,0.43982052629644663
CNN,CNN+LinearSVM,128Hz_synthetic,0,0,42000,SYN0029,0,1,0.439801564416065
CNN,CNN+LinearSVM,128Hz_synthetic,0,0,42000,SYN0029,0,1,0.43979606493970197
CNN,CNN+NLSVM,128Hz_synthetic,0,0,42000,SYN0000,1,1,0.4300178012537115
CNN,CNN+NLSVM,128Hz_synthetic,0,0,42000,SYN0000,1,1,0.4332669848740216
CNN,CNN+NLSVM,128Hz_synthetic,0,0,42000,SYN0000,1,1,0.4274782137435241
CNN,CNN+NLSVM,128Hz_synthetic,0,0,42000,SYN0000,1,1,0.4282419008150623
CNN,CNN+NLSVM,128Hz_synthetic,0,0,42000,SYN0000,1,1,0.4270148741130808
CNN,CNN+NLSVM,128Hz_synthetic,0,0,42000,SYN0001,1,1,0.4257123556519984
CNN,CNN+NLSVM,128Hz_synthetic,0,0,42000,SYN0001,1,1,0.43125096388893275
CNN,CNN+NLSVM,128Hz_synthetic,0,0,42000,SYN0001,1,1,0.4298561350925851
CNN,CNN+NLSVM,128Hz_synthetic,0,0,42000,SYN0001,1,1,0.4305395148825378
CNN,CNN+NLSVM,128Hz_synthetic,0,0,42000,SYN0003,1,1,0.42926211946295767
CNN,CNN+NLSVM,128Hz_synthetic,0,0,42000,SYN0003,1,1,0.4329967501805198
CNN,CNN+NLSVM,128Hz_synthetic,0,0,42000,SYN0003,1,1,0.43079565549217613
CNN,CNN+NLSVM,128Hz_synthetic,0,0,42000,SYN0004,1,1,0.42817623113863784
CNN,CNN+NLSVM,128Hz_synthetic,0,0,42000,SYN0004,1,1,0.42809888256692336
CNN,CNN+NLSVM,128Hz_synthetic,0,0,42000,SYN0004,1,1,0.4337256981927335
CNN,CNN+NLSVM,128Hz_synthetic,0,0,42000,SYN0011,1,1,0.43311119582907637
CNN,CNN+NLSVM,128Hz_synthetic,0,0,42000,SYN0011,1,1,0.432325365986589
CNN,CNN+NLSVM,128Hz_synthetic,0,0,42000,SYN0011,1,1,0.43058130958217383
CNN,CNN+NLSVM,128Hz_synthetic,0,0,42000,SYN0011,1,1,0.42940651444111017
CNN,CNN+NLSVM,128Hz_synthetic,0,0,42000,SYN0011,1,1,0.4337760800753802
CNN,CNN+NLSVM,128Hz_synthetic,0,0,42000,SYN0016,0,1,0.427712608273321
CNN,CNN+NLSVM,128Hz_synthetic,0,0,42000,SYN0016,0,1,0.43003735540823046
CNN,CNN+NLSVM,128Hz_synthetic,0,0,42000,SYN0016,0,1,0.42412061912851756
CNN,CNN+NLSVM,128Hz_synthetic,0,0,42000,SYN0016,0,1,0.43397077840049236
CNN,CNN+NLSVM,128Hz_synthetic,0,0,42000,SYN0016,0,1,0.43021214970370153
CNN,CNN+NLSVM,128Hz_synthetic,0,0,42000,SYN0017,0,1,0.42806306690942025
CNN,CNN+NLSVM,128Hz_synthetic,0,0,42000,SYN0017,0,1,0.4279278226630383
CNN,CNN+NLSVM,128Hz_synthetic,0,0,42000,SYN0017,0,1,0.42845288021432687
CNN,CNN+NLSVM,128Hz_synthetic,0,0,42000,SYN0017,0,1,0.42627831088567786
CNN,CNN+NLSVM,128Hz_synthetic,0,0,42000,SYN0018,0,1,0.43078119782588914
CNN,CNN+NLSVM,128Hz_synthetic,0,0,42000,SYN0018,0,1,0.4277909911024734
CNN,CNN+NLSVM,128Hz_synthetic,0,0,42000,SYN0018,0,1,0.43189770272896005
CNN,CNN+NLSVM,128Hz_synthetic,0,0,42000,SYN0021,0,1,0.43359272557175665
CNN,CNN+NLSVM,128Hz_synthetic,0,0,42000,SYN0021,0,1,0.4320726822410094
CNN,CNN+NLSVM,128Hz_synthetic,0,0,42000,SYN0021,0,1,0.4319175530990033
CNN,CNN+NLSVM,128Hz_synthetic,0,0,42000,SYN0029,0,1,0.4327042993858129
CNN,CNN+NLSVM,128Hz_synthetic,0,0,42000,SYN0029,0,1,0.42863108645090997
CNN,CNN+NLSVM,128Hz_synthetic,0,0,42000,SYN0029,0,1,0.42746804805374644
CNN,CNN+RF,128Hz_synthetic,0,0,42000,SYN0000,1,0,0.4
CNN,CNN+RF,128Hz_synthetic,0,0,42000,SYN0000,1,0,0.37
CNN,CNN+RF,128Hz_synthetic,0,0,42000,SYN0000,1,1,0.73
CNN,CNN+RF,128Hz_synthetic,0,0,42000,SYN0000,1,1,0.51
CNN,CNN+RF,128Hz_synthetic,0,0,42000,SYN0000,1,1,0.81
CNN,CNN+RF,128Hz_synthetic,0,0,42000,SYN0001,1,1,0.7
CNN,CNN+RF,128Hz_synthetic,0,0,42000,SYN0001,1,0,0.41
CNN,CNN+RF,128Hz_synthetic,0,0,42000,SYN0001,1,1,0.56
CNN,CNN+RF,128Hz_synthetic,0,0,42000,SYN0001,1,1,0.58
CNN,CNN+RF,128Hz_synthetic,0,0,42000,SYN0003,1,0,0.44
CNN,CNN+RF,128Hz_synthetic,0,0,42000,SYN0003,1,0,0.46
CNN,CNN+RF,128Hz_synthetic,0,0,42000,SYN0003,1,0,0.45
CNN,CNN+RF,128Hz_synthetic,0,0,42000,SYN0004,1,1,0.56
CNN,CNN+RF,128Hz_synthetic,0,0,42000,SYN0004,1,1,0.62
CNN,CNN+RF,128Hz_synthetic,0,0,42000,SYN0004,1,0,0.23
CNN,CNN+RF,128Hz_synthetic,0,0,42000,SYN0011,1,0,0.29
CNN,CNN+RF,128Hz_synthetic,0,0,42000,SYN0011,1,0,0.34
CNN,CNN+RF,128Hz_synthetic,0,0,42000,SYN0011,1,0,0.33
CNN,CNN+RF,128Hz_synthetic,0,0,42000,SYN0011,1,1,0.58
CNN,CNN+RF,128Hz_synthetic,0,0,42000,SYN0011,1,0,0.25
CNN,CNN+RF,128Hz_synthetic,0,0,42000,SYN0016,0,1,0.7
CNN,CNN+RF,128Hz_synthetic,0,0,42000,SYN0016,0,0,0.42
CNN,CNN+RF,128Hz_synthetic,0,0,42000,SYN0016,0,1,0.76
CNN,CNN+RF,128Hz_synthetic,0,0,42000,SYN0016,0,0,0.23
CNN,CNN+RF,128Hz_synthetic,0,0,42000,SYN0016,0,1,0.6
CNN,CNN+RF,128Hz_synthetic,0,0,42000,SYN0017,0,1,0.61
CNN,CNN+RF,128Hz_synthetic,0,0,42000,SYN0017,0,0,0.45
CNN,CNN+RF,128Hz_synthetic,0,0,42000,SYN0017,0,1,0.59
CNN,CNN+RF,128Hz_synthetic,0,0,42000,SYN0017,0,1,0.64
CNN,CNN+RF,128Hz_synthetic,0,0,42000,SYN0018,0,1,0.53
CNN,CNN+RF,128Hz_synthetic,0,0,42000,SYN0018,0,1,0.51
CNN,CNN+RF,128Hz_synthetic,0,0,42000,SYN0018,0,0,0.36
CNN,CNN+RF,128Hz_synthetic,0,0,42000,SYN0021,0,0,0.21
CNN,CNN+RF,128Hz_synthetic,0,0,42000,SYN0021,0,0,0.29
CNN,CNN+RF,128Hz_synthetic,0,0,42000,SYN0021,0,0,0.41
CNN,CNN+RF,128Hz_synthetic,0,0,42000,SYN0029,0,0,0.37
CNN,CNN+RF,128Hz_synthetic,0,0,42000,SYN0029,0,1,0.6
CNN,CNN+RF,128Hz_synthetic,0,0,42000,SYN0029,0,0,0.46
CNN,CNN+GNB,128Hz_synthetic,0,0,42000,SYN0000,1,1,0.9968311786651611
CNN,CNN+GNB,128Hz_synthetic,0,0,42000,SYN0000,1,1,0.7996574640274048
CNN,CNN+GNB,128Hz_synthetic,0,0,42000,SYN0000,1,1,0.9996339082717896
CNN,CNN+GNB,128Hz_synthetic,0,0,42000,SYN0000,1,1,0.9990849494934082
CNN,CNN+GNB,128Hz_synthetic,0,0,42000,SYN0000,1,1,0.99969482421875
CNN,CNN+GNB,128Hz_synthetic,0,0,42000,SYN0001,1,1,0.9999390244483948
CNN,CNN+GNB,128Hz_synthetic,0,0,42000,SYN0001,1,1,0.938381552696228
CNN,CNN+GNB,128Hz_synthetic,0,0,42000,SYN0001,1,1,0.9964662194252014
CNN,CNN+GNB,128Hz_synthetic,0,0,42000,SYN0001,1,1,0.9992678165435791
CNN,CNN+GNB,128Hz_synthetic,0,0,42000,SYN0003,1,1,0.9988409876823425
CNN,CNN+GNB,128Hz_synthetic,0,0,42000,SYN0003,1,1,0.754609227180481
CNN,CNN+GNB,128Hz_synthetic,0,0,42000,SYN0003,1,1,0.9957974553108215
CNN,CNN+GNB,128Hz_synthetic,0,0,42000,SYN0004,1,1,0.9979879260063171
CNN,CNN+GNB,128Hz_synthetic,0,0,42000,SYN0004,1,1,0.999755859375
CNN,CNN+GNB,128Hz_synthetic,0,0,42000,SYN0004,1,1,0.6746132373809814
CNN,CNN+GNB,128Hz_synthetic,0,0,42000,SYN0011,1,0,0.03011639416217804
CNN,CNN+GNB,128Hz_synthetic,0,0,42000,SYN0011,1,0,0.0
CNN,CNN+GNB,128Hz_synthetic,0,0,42000,SYN0011,1,1,0.9204563498497009
CNN,CNN+GNB,128Hz_synthetic,0,0,42000,SYN0011,1,1,0.9998779296875
CNN,CNN+GNB,128Hz_synthetic,0,0,42000,SYN0011,1,1,0.5241082310676575
CNN,CNN+GNB,128Hz_synthetic,0,0,42000,SYN0016,0,1,0.9998169541358948
CNN,CNN+GNB,128Hz_synthetic,0,0,42000,SYN0016,0,1,0.9986581206321716
CNN,CNN+GNB,128Hz_synthetic,0,0,42000,SYN0016,0,1,1.0
CNN,CNN+GNB,128Hz_synthetic,0,0,42000,SYN0016,0,1,0.6480964422225952
CNN,CNN+GNB,128Hz_synthetic,0,0,42000,SYN0016,0,1,0.9981705546379089
CNN,CNN+GNB,128Hz_synthetic,0,0,42000,SYN0017,0,1,0.9998779296875
CNN,CNN+GNB,128Hz_synthetic,0,0,42000,SYN0017,0,1,0.996587872505188
CNN,CNN+GNB,128Hz_synthetic,0,0,42000,SYN0017,0,1,0.9993898868560791
CNN,CNN+GNB,128Hz_synthetic,0,0,42000,SYN0017,0,1,0.999755859375
CNN,CNN+GNB,128Hz_synthetic,0,0,42000,SYN0018,0,1,0.9967095255851746
CNN,CNN+GNB,128Hz_synthetic,0,0,42000,SYN0018,0,1,0.9993287920951843
CNN,CNN+GNB,128Hz_synthetic,0,0,42000,SYN0018,0,1,0.926147997379303
CNN,CNN+GNB,128Hz_synthetic,0,0,42000,SYN0021,0,1,0.7827084064483643
CNN,CNN+GNB,128Hz_synthetic,0,0,42000,SYN0021,0,1,0.9649832844734192
CNN,CNN+GNB,128Hz_synthetic,0,0,42000,SYN0021,0,1,0.9499065279960632
CNN,CNN+GNB,128Hz_synthetic,0,0,42000,SYN0029,0,0,6.699036021018401e-05
CNN,CNN+GNB,128Hz_synthetic,0,0,42000,SYN0029,0,1,0.9992069005966187
CNN,CNN+GNB,128Hz_synthetic,0,0,42000,SYN0029,0,1,0.9992069005966187
CNN,CNN+KNN,128Hz_synthetic,0,0,42000,SYN0000,1,0,0.4
CNN,CNN+KNN,128Hz_synthetic,0,0,42000,SYN0000,1,0,0.4
CNN,CNN+KNN,128Hz_synthetic,0,0,42000,SYN0000,1,0,0.2
CNN,CNN+KNN,128Hz_synthetic,0,0,42000,SYN0000,1,1,0.6
CNN,CNN+KNN,128Hz_synthetic,0,0,42000,SYN0000,1,0,0.4
CNN,CNN+KNN,128Hz_synthetic,0,0,42000,SYN0001,1,1,0.8
CNN,CNN+KNN,128Hz_synthetic,0,0,42000,SYN0001,1,0,0.4
CNN,CNN+KNN,128Hz_synthetic,0,0,42000,SYN0001,1,0,0.4
CNN,CNN+KNN,128Hz_synthetic,0,0,42000,SYN0001,1,1,0.6
CNN,CNN+KNN,128Hz_synthetic,0,0,42000,SYN0003,1,0,0.2
CNN,CNN+KNN,128Hz_synthetic,0,0,42000,SYN0003,1,0,0.4
CNN,CNN+KNN,128Hz_synthetic,0,0,42000,SYN0003,1,0,0.2
CNN,CNN+KNN,128Hz_synthetic,0,0,42000,SYN0004,1,0,0.4
CNN,CNN+KNN,128Hz_synthetic,0,0,42000,SYN0004,1,0,0.2
CNN,CNN+KNN,128Hz_synthetic,0,0,42000,SYN0004,1,0,0.2
CNN,CNN+KNN,128Hz_synthetic,0,0,42000,SYN0011,1,0,0.4
CNN,CNN+KNN,128Hz_synthetic,0,0,42000,SYN0011,1,0,0.0
CNN,CNN+KNN,128Hz_synthetic,0,0,42000,SYN0011,1,1,0.8
CNN,CNN+KNN,128Hz_synthetic,0,0,42000,SYN0011,1,1,0.6
CNN,CNN+KNN,128Hz_synthetic,0,0,42000,SYN0011,1,0,0.0
CNN,CNN+KNN,128Hz_synthetic,0,0,42000,SYN0016,0,0,0.4
CNN,CNN+KNN,128Hz_synthetic,0,0,42000,SYN0016,0,0,0.2
CNN,CNN+KNN,128Hz_synthetic,0,0,42000,SYN0016,0,1,0.6
CNN,CNN+KNN,128Hz_synthetic,0,0,42000,SYN0016,0,0,0.4
CNN,CNN+KNN,128Hz_synthetic,0,0,42000,SYN0016,0,1,0.8
CNN,CNN+KNN,128Hz_synthetic,0,0,42000,SYN0017,0,1,0.6
CNN,CNN+KNN,128Hz_synthetic,0,0,42000,SYN0017,0,0,0.4
CNN,CNN+KNN,128Hz_synthetic,0,0,42000,SYN0017,0,0,0.4
CNN,CNN+KNN,128Hz_synthetic,0,0,42000,SYN0017,0,1,1.0
CNN,CNN+KNN,128Hz_synthetic,0,0,42000,SYN0018,0,1,0.6
CNN,CNN+KNN,128Hz_synthetic,0,0,42000,SYN0018,0,0,0.4
CNN,CNN+KNN,128Hz_synthetic,0,0,42000,SYN0018,0,0,0.4
CNN,CNN+KNN,128Hz_synthetic,0,0,42000,SYN0021,0,0,0.2
CNN,CNN+KNN,128Hz_synthetic,0,0,42000,SYN0021,0,0,0.4
CNN,CNN+KNN,128Hz_synthetic,0,0,42000,SYN0021,0,0,0.2
CNN,CNN+KNN,128Hz_synthetic,0,0,42000,SYN0029,0,0,0.2
CNN,CNN+KNN,128Hz_synthetic,0,0,42000,SYN0029,0,1,0.8
CNN,CNN+KNN,128Hz_synthetic,0,0,42000,SYN0029,0,0,0.2
CNN,CNN+LR_noCORAL,128Hz_synthetic,0,0,42000,SYN0000,1,0,0.49999159574508667
CNN,CNN+LR_noCORAL,128Hz_synthetic,0,0,42000,SYN0000,1,0,0.49993622303009033
CNN,CNN+LR_noCORAL,128Hz_synthetic,0,0,42000,SYN0000,1,1,0.500034749507904
CNN,CNN+LR_noCORAL,128Hz_synthetic,0,0,42000,SYN0000,1,1,0.5000218152999878
CNN,CNN+LR_noCORAL,128Hz_synthetic,0,0,42000,SYN0000,1,1,0.5000424385070801
CNN,CNN+LR_noCORAL,128Hz_synthetic,0,0,42000,SYN0001,1,1,0.5000650882720947
CNN,CNN+LR_noCORAL,128Hz_synthetic,0,0,42000,SYN0001,1,0,0.4999704957008362
CNN,CNN+LR_noCORAL,128Hz_synthetic,0,0,42000,SYN0001,1,0,0.499994158744812
CNN,CNN+LR_noCORAL,128Hz_synthetic,0,0,42000,SYN0001,1,0,0.49998265504837036
CNN,CNN+LR_noCORAL,128Hz_synthetic,0,0,42000,SYN0003,1,1,0.5000045895576477
CNN,CNN+LR_noCORAL,128Hz_synthetic,0,0,42000,SYN0003,1,0,0.49994051456451416
CNN,CNN+LR_noCORAL,128Hz_synthetic,0,0,42000,SYN0003,1,0,0.4999781847000122
CNN,CNN+LR_noCORAL,128Hz_synthetic,0,0,42000,SYN0004,1,1,0.5000230073928833
CNN,CNN+LR_noCORAL,128Hz_synthetic,0,0,42000,SYN0004,1,1,0.5000243186950684
CNN,CNN+LR_noCORAL,128Hz_synthetic,0,0,42000,SYN0004,1,0,0.4999282956123352
CNN,CNN+LR_noCORAL,128Hz_synthetic,0,0,42000,SYN0011,1,0,0.4999387264251709
CNN,CNN+LR_noCORAL,128Hz_synthetic,0,0,42000,SYN0011,1,0,0.4999523162841797
CNN,CNN+LR_noCORAL,128Hz_synthetic,0,0,42000,SYN0011,1,0,0.49998176097869873
CNN,CNN+LR_noCORAL,128Hz_synthetic,0,0,42000,SYN0011,1,1,0.5000016689300537
CNN,CNN+LR_noCORAL,128Hz_synthetic,0,0,42000,SYN0011,1,0,0.4999275207519531
CNN,CNN+LR_noCORAL,128Hz_synthetic,0,0,42000,SYN0016,0,1,0.5000307559967041
CNN,CNN+LR_noCORAL,128Hz_synthetic,0,0,42000,SYN0016,0,0,0.49999111890792847
CNN,CNN+LR_noCORAL,128Hz_synthetic,0,0,42000,SYN0016,0,1,0.5000923871994019
CNN,CNN+LR_noCORAL,128Hz_synthetic,0,0,42000,SYN0016,0,0,0.4999240040779114
CNN,CNN+LR_noCORAL,128Hz_synthetic,0,0,42000,SYN0016,0,0,0.4999880790710449
CNN,CNN+LR_noCORAL,128Hz_synthetic,0,0,42000,SYN0017,0,1,0.5000248551368713
CNN,CNN+LR_noCORAL,128Hz_synthetic,0,0,42000,SYN0017,0,1,0.5000274777412415
CNN,CNN+LR_noCORAL,128Hz_synthetic,0,0,42000,SYN0017,0,1,0.5000181198120117
CNN,CNN+LR_noCORAL,128Hz_synthetic,0,0,42000,SYN0017,0,1,0.5000554919242859
CNN,CNN+LR_noCORAL,128Hz_synthetic,0,0,42000,SYN0018,0,0,0.49997806549072266
CNN,CNN+LR_noCORAL,128Hz_synthetic,0,0,42000,SYN0018,0,1,0.5000295639038086
CNN,CNN+LR_noCORAL,128Hz_synthetic,0,0,42000,SYN0018,0,0,0.4999597668647766
CNN,CNN+LR_noCORAL,128Hz_synthetic,0,0,42000,SYN0021,0,0,0.49993032217025757
CNN,CNN+LR_noCORAL,128Hz_synthetic,0,0,42000,SYN0021,0,0,0.49995648860931396
CNN,CNN+LR_noCORAL,128Hz_synthetic,0,0,42000,SYN0021,0,0,0.4999591112136841
CNN,CNN+LR_noCORAL,128Hz_synthetic,0,0,42000,SYN0029,0,0,0.49994540214538574
CNN,CNN+LR_noCORAL,128Hz_synthetic,0,0,42000,SYN0029,0,1,0.500015377998352
CNN,CNN+LR_noCORAL,128Hz_synthetic,0,0,42000,SYN0029,0,1,0.5000352263450623
CNN,CNN+LR_withCORAL,128Hz_synthetic,0,0,42000,SYN0000,1,0,0.4999974333910322
CNN,CNN+LR_withCORAL,128Hz_synthetic,0,0,42000,SYN0000,1,0,0.49994238356916576
CNN,CNN+LR_withCORAL,128Hz_synthetic,0,0,42000,SYN0000,1,1,0.5000404801643796
CNN,CNN+LR_withCORAL,128Hz_synthetic,0,0,42000,SYN0000,1,1,0.5000275692495589
CNN,CNN+LR_withCORAL,128Hz_synthetic,0,0,42000,SYN0000,1,1,0.5000481365886263
CNN,CNN+LR_withCORAL,128Hz_synthetic,0,0,42000,SYN0001,1,1,0.5000707209725753
CNN,CNN+LR_withCORAL,128Hz_synthetic,0,0,42000,SYN0001,1,0,0.49997640157754103
CNN,CNN+LR_withCORAL,128Hz_synthetic,0,0,42000,SYN0001,1,0,0.49999971436574625
CNN,CNN+LR_withCORAL,128Hz_synthetic,0,0,42000,SYN0001,1,0,0.49998850830491615
CNN,CNN+LR_withCORAL,128Hz_synthetic,0,0,42000,SYN0003,1,1,0.5000103600274708
CNN,CNN+LR_withCORAL,128Hz_synthetic,0,0,42000,SYN0003,1,0,0.4999462820588682
CNN,CNN+LR_withCORAL,128Hz_synthetic,0,0,42000,SYN0003,1,0,0.4999841535930526
CNN,CNN+LR_withCORAL,128Hz_synthetic,0,0,42000,SYN0004,1,1,0.5000288876998061
CNN,CNN+LR_withCORAL,128Hz_synthetic,0,0,42000,SYN0004,1,1,0.5000300501939198
CNN,CNN+LR_withCORAL,128Hz_synthetic,0,0,42000,SYN0004,1,0,0.4999343134531622
CNN,CNN+LR_withCORAL,128Hz_synthetic,0,0,42000,SYN0011,1,0,0.4999446213282135
CNN,CNN+LR_withCORAL,128Hz_synthetic,0,0,42000,SYN0011,1,0,0.49995819935619723
CNN,CNN+LR_withCORAL,128Hz_synthetic,0,0,42000,SYN0011,1,0,0.49998759064984427
CNN,CNN+LR_withCORAL,128Hz_synthetic,0,0,42000,SYN0011,1,1,0.500007271494181
CNN,CNN+LR_withCORAL,128Hz_synthetic,0,0,42000,SYN0011,1,0,0.4999334229734039
CNN,CNN+LR_withCORAL,128Hz_synthetic,0,0,42000,SYN0016,0,1,0.500036668910297
CNN,CNN+LR_withCORAL,128Hz_synthetic,0,0,42000,SYN0016,0,0,0.4999970419526851
CNN,CNN+LR_withCORAL,128Hz_synthetic,0,0,42000,SYN0016,0,1,0.5000978961498596
CNN,CNN+LR_withCORAL,128Hz_synthetic,0,0,42000,SYN0016,0,0,0.4999300550957965
CNN,CNN+LR_withCORAL,128Hz_synthetic,0,0,42000,SYN0016,0,0,0.49999398214348245
CNN,CNN+LR_withCORAL,128Hz_synthetic,0,0,42000,SYN0017,0,1,0.5000304308220229
CNN,CNN+LR_withCORAL,128Hz_synthetic,0,0,42000,SYN0017,0,1,0.5000332269785531
CNN,CNN+LR_withCORAL,128Hz_synthetic,0,0,42000,SYN0017,0,1,0.500023909365167
CNN,CNN+LR_withCORAL,128Hz_synthetic,0,0,42000,SYN0017,0,1,0.5000612873798781
CNN,CNN+LR_withCORAL,128Hz_synthetic,0,0,42000,SYN0018,0,0,0.4999838189858344
CNN,CNN+LR_withCORAL,128Hz_synthetic,0,0,42000,SYN0018,0,1,0.5000352354119703
CNN,CNN+LR_withCORAL,128Hz_synthetic,0,0,42000,SYN0018,0,0,0.4999655802155824
CNN,CNN+LR_withCORAL,128Hz_synthetic,0,0,42000,SYN0021,0,0,0.4999363887919216
CNN,CNN+LR_withCORAL,128Hz_synthetic,0,0,42000,SYN0021,0,0,0.4999625706109032
CNN,CNN+LR_withCORAL,128Hz_synthetic,0,0,42000,SYN0021,0,0,0.4999650404767035
CNN,CNN+LR_withCORAL,128Hz_synthetic,0,0,42000,SYN0029,0,0,0.49995103424499926
CNN,CNN+LR_withCORAL,128Hz_synthetic,0,0,42000,SYN0029,0,1,0.5000211124552102
CNN,CNN+LR_withCORAL,128Hz_synthetic,0,0,42000,SYN0029,0,1,0.5000408656487448
CNN,CNN,128Hz_synthetic,0,1,42001,SYN0005,1,0,0.49709421396255493
CNN,CNN,128Hz_synthetic,0,1,42001,SYN0005,1,0,0.4973122179508209
CNN,CNN,128Hz_synthetic,0,1,42001,SYN0005,1,0,0.49626222252845764
CNN,CNN,128Hz_synthetic,0,1,42001,SYN0007,1,0,0.49725833535194397
CNN,CNN,128Hz_synthetic,0,1,42001,SYN0007,1,0,0.4963732063770294
CNN,CNN,128Hz_synthetic,0,1,42001,SYN0007,1,0,0.4972420632839203
CNN,CNN,128Hz_synthetic,0,1,42001,SYN0012,1,0,0.4961632192134857
CNN,CNN,128Hz_synthetic,0,1,42001,SYN0012,1,0,0.4966694712638855
CNN,CNN,128Hz_synthetic,0,1,42001,SYN0012,1,0,0.49755463004112244
CNN,CNN,128Hz_synthetic,0,1,42001,SYN0013,1,0,0.4969857633113861
CNN,CNN,128Hz_synthetic,0,1,42001,SYN0013,1,0,0.49732932448387146
CNN,CNN,128Hz_synthetic,0,1,42001,SYN0013,1,0,0.4970060884952545
CNN,CNN,128Hz_synthetic,0,1,42001,SYN0013,1,0,0.4964134097099304
CNN,CNN,128Hz_synthetic,0,1,42001,SYN0013,1,0,0.4979199767112732
CNN,CNN,128Hz_synthetic,0,1,42001,SYN0014,1,0,0.4963732659816742
CNN,CNN,128Hz_synthetic,0,1,42001,SYN0014,1,0,0.4963136911392212
CNN,CNN,128Hz_synthetic,0,1,42001,SYN0014,1,0,0.49783390760421753
CNN,CNN,128Hz_synthetic,0,1,42001,SYN0014,1,0,0.4960724711418152
CNN,CNN,128Hz_synthetic,0,1,42001,SYN0015,0,0,0.4972078502178192
CNN,CNN,128Hz_synthetic,0,1,42001,SYN0015,0,0,0.49734967947006226
CNN,CNN,128Hz_synthetic,0,1,42001,SYN0015,0,0,0.4959450364112854
CNN,CNN,128Hz_synthetic,0,1,42001,SYN0019,0,0,0.49715104699134827
CNN,CNN,128Hz_synthetic,0,1,42001,SYN0019,0,0,0.4972088038921356
CNN,CNN,128Hz_synthetic,0,1,42001,SYN0019,0,0,0.4956817030906677
CNN,CNN,128Hz_synthetic,0,1,42001,SYN0019,0,0,0.49698251485824585
CNN,CNN,128Hz_synthetic,0,1,42001,SYN0019,0,0,0.4959627389907837
CNN,CNN,128Hz_synthetic,0,1,42001,SYN0022,0,0,0.4968999922275543
CNN,CNN,128Hz_synthetic,0,1,42001,SYN0022,0,0,0.496734082698822
CNN,CNN,128Hz_synthetic,0,1,42001,SYN0022,0,0,0.496200293302536
CNN,CNN,128Hz_synthetic,0,1,42001,SYN0025,0,0,0.4970371723175049
CNN,CNN,128Hz_synthetic,0,1,42001,SYN0025,0,0,0.49743175506591797
CNN,CNN,128Hz_synthetic,0,1,42001,SYN0025,0,0,0.49710655212402344
CNN,CNN,128Hz_synthetic,0,1,42001,SYN0025,0,0,0.49603304266929626
CNN,CNN,128Hz_synthetic,0,1,42001,SYN0028,0,0,0.4966527223587036
CNN,CNN,128Hz_synthetic,0,1,42001,SYN0028,0,0,0.4967884123325348
CNN,CNN,128Hz_synthetic,0,1,42001,SYN0028,0,0,0.4961887001991272
CNN,CNN,128Hz_synthetic,0,1,42001,SYN0028,0,0,0.4974347949028015
CNN,CNN+LR,128Hz_synthetic,0,1,42001,SYN0005,1,1,0.5000253915786743
CNN,CNN+LR,128Hz_synthetic,0,1,42001,SYN0005,1,1,0.5000226497650146
CNN,CNN+LR,128Hz_synthetic,0,1,42001,SYN0005,1,0,0.4999822974205017
CNN,CNN+LR,128Hz_synthetic,0,1,42001,SYN0007,1,1,0.5000450611114502
CNN,CNN+LR,128Hz_synthetic,0,1,42001,SYN0007,1,0,0.499944806098938
CNN,CNN+LR,128Hz_synthetic,0,1,42001,SYN0007,1,1,0.5000414252281189
CNN,CNN+LR,128Hz_synthetic,0,1,42001,SYN0012,1,0,0.49992072582244873
CNN,CNN+LR,128Hz_synthetic,0,1,42001,SYN0012,1,1,0.5000298023223877
CNN,CNN+LR,128Hz_synthetic,0,1,42001,SYN0012,1,1,0.5000706911087036
CNN,CNN+LR,128Hz_synthetic,0,1,42001,SYN0013,1,1,0.5000618696212769
CNN,CNN+LR,128Hz_synthetic,0,1,42001,SYN0013,1,0,0.49997133016586304
CNN,CNN+LR,128Hz_synthetic,0,1,42001,SYN0013,1,1,0.5000428557395935
CNN,CNN+LR,128Hz_synthetic,0,1,42001,SYN0013,1,0,0.4999978542327881
CNN,CNN+LR,128Hz_synthetic,0,1,42001,SYN0013,1,1,0.5001131892204285
CNN,CNN+LR,128Hz_synthetic,0,1,42001,SYN0014,1,0,0.49992799758911133
CNN,CNN+LR,128Hz_synthetic,0,1,42001,SYN0014,1,0,0.49999457597732544
CNN,CNN+LR,128Hz_synthetic,0,1,42001,SYN0014,1,1,0.5000543594360352
CNN,CNN+LR,128Hz_synthetic,0,1,42001,SYN0014,1,0,0.49998927116394043
CNN,CNN+LR,128Hz_synthetic,0,1,42001,SYN0015,0,1,0.5000231266021729
CNN,CNN+LR,128Hz_synthetic,0,1,42001,SYN0015,0,1,0.5000704526901245
CNN,CNN+LR,128Hz_synthetic,0,1,42001,SYN0015,0,0,0.4999886751174927
CNN,CNN+LR,128Hz_synthetic,0,1,42001,SYN0019,0,0,0.49995553493499756
CNN,CNN+LR,128Hz_synthetic,0,1,42001,SYN0019,0,1,0.5000553131103516
CNN,CNN+LR,128Hz_synthetic,0,1,42001,SYN0019,0,0,0.4999462366104126
CNN,CNN+LR,128Hz_synthetic,0,1,42001,SYN0019,0,0,0.49996477365493774
CNN,CNN+LR,128Hz_synthetic,0,1,42001,SYN0019,0,0,0.4999503493309021
CNN,CNN+LR,128Hz_synthetic,0,1,42001,SYN0022,0,1,0.5000280737876892
CNN,CNN+LR,128Hz_synthetic,0,1,42001,SYN0022,0,1,0.5000132322311401
CNN,CNN+LR,128Hz_synthetic,0,1,42001,SYN0022,0,0,0.49999064207077026
CNN,CNN+LR,128Hz_synthetic,0,1,42001,SYN0025,0,0,0.4999990463256836
CNN,CNN+LR,128Hz_synthetic,0,1,42001,SYN0025,0,1,0.5000540614128113
CNN,CNN+LR,128Hz_synthetic,0,1,42001,SYN0025,0,1,0.5000428557395935
CNN,CNN+LR,128Hz_synthetic,0,1,42001,SYN0025,0,0,0.4999277591705322
CNN,CNN+LR,128Hz_synthetic,0,1,42001,SYN0028,0,0,0.4999629259109497
CNN,CNN+LR,128Hz_synthetic,0,1,42001,SYN0028,0,1,0.5000240206718445
CNN,CNN+LR,128Hz_synthetic,0,1,42001,SYN0028,0,1,0.5000185370445251
CNN,CNN+LR,128Hz_synthetic,0,1,42001,SYN0028,0,1,0.500045895576477
CNN,CNN+LinearSVM,128Hz_synthetic,0,1,42001,SYN0005,1,1,0.5
CNN,CNN+LinearSVM,128Hz_synthetic,0,1,42001,SYN0005,1,1,0.5
CNN,CNN+LinearSVM,128Hz_synthetic,0,1,42001,SYN0005,1,0,0.5
CNN,CNN+LinearSVM,128Hz_synthetic,0,1,42001,SYN0007,1,1,0.5
CNN,CNN+LinearSVM,128Hz_synthetic,0,1,42001,SYN0007,1,0,0.5
CNN,CNN+LinearSVM,128Hz_synthetic,0,1,42001,SYN0007,1,1,0.5
CNN,CNN+LinearSVM,128Hz_synthetic,0,1,42001,SYN0012,1,0,0.5
CNN,CNN+LinearSVM,128Hz_synthetic,0,1,42001,SYN0012,1,1,0.5
CNN,CNN+LinearSVM,128Hz_synthetic,0,1,42001,SYN0012,1,1,0.5
CNN,CNN+LinearSVM,128Hz_synthetic,0,1,42001,SYN0013,1,1,0.5
CNN,CNN+LinearSVM,128Hz_synthetic,0,1,42001,SYN0013,1,0,0.5
CNN,CNN+LinearSVM,128Hz_synthetic,0,1,42001,SYN0013,1,1,0.5
CNN,CNN+LinearSVM,128Hz_synthetic,0,1,42001,SYN0013,1,0,0.5
CNN,CNN+LinearSVM,128Hz_synthetic,0,1,42001,SYN0013,1,1,0.5
CNN,CNN+LinearSVM,128Hz_synthetic,0,1,42001,SYN0014,1,0,0.5
CNN,CNN+LinearSVM,128Hz_synthetic,0,1,42001,SYN0014,1,0,0.5
CNN,CNN+LinearSVM,128Hz_synthetic,0,1,42001,SYN0014,1,1,0.5
CNN,CNN+LinearSVM,128Hz_synthetic,0,1,42001,SYN0014,1,0,0.5
CNN,CNN+LinearSVM,128Hz_synthetic,0,1,42001,SYN0015,0,1,0.5
CNN,CNN+LinearSVM,128Hz_synthetic,0,1,42001,SYN0015,0,1,0.5
CNN,CNN+LinearSVM,128Hz_synthetic,0,1,42001,SYN0015,0,0,0.5
CNN,CNN+LinearSVM,128Hz_synthetic,0,1,42001,SYN0019,0,0,0.5
CNN,CNN+LinearSVM,128Hz_synthetic,0,1,42001,SYN0019,0,1,0.5
CNN,CNN+LinearSVM,128Hz_synthetic,0,1,42001,SYN0019,0,0,0.5
CNN,CNN+LinearSVM,128Hz_synthetic,0,1,42001,SYN0019,0,0,0.5
CNN,CNN+LinearSVM,128Hz_synthetic,0,1,42001,SYN0019,0,0,0.5
CNN,CNN+LinearSVM,128Hz_synthetic,0,1,42001,SYN0022,0,1,0.5
CNN,CNN+LinearSVM,128Hz_synthetic,0,1,42001,SYN0022,0,1,0.5
CNN,CNN+LinearSVM,128Hz_synthetic,0,1,42001,SYN0022,0,0,0.5
CNN,CNN+LinearSVM,128Hz_synthetic,0,1,42001,SYN0025,0,0,0.5
CNN,CNN+LinearSVM,128Hz_synthetic,0,1,42001,SYN0025,0,1,0.5
CNN,CNN+LinearSVM,128Hz_synthetic,0,1,42001,SYN0025,0,1,0.5
CNN,CNN+LinearSVM,128Hz_synthetic,0,1,42001,SYN0025,0,0,0.5
CNN,CNN+LinearSVM,128Hz_synthetic,0,1,42001,SYN0028,0,0,0.5
CNN,CNN+LinearSVM,128Hz_synthetic,0,1,42001,SYN0028,0,1,0.5
CNN,CNN+LinearSVM,128Hz_synthetic,0,1,42001,SYN0028,0,1,0.5
CNN,CNN+LinearSVM,128Hz_synthetic,0,1,42001,SYN0028,0,1,0.5
CNN,CNN+NLSVM,128Hz_synthetic,0,1,42001,SYN0005,1,1,0.5139973919203972
CNN,CNN+NLSVM,128Hz_synthetic,0,1,42001,SYN0005,1,1,0.5152348897239606
CNN,CNN+NLSVM,128Hz_synthetic,0,1,42001,SYN0005,1,0,0.5250206530979913
CNN,CNN+NLSVM,128Hz_synthetic,0,1,42001,SYN0007,1,1,0.5094451613727999
CNN,CNN+NLSVM,128Hz_synthetic,0,1,42001,SYN0007,1,0,0.5345420377437161
CNN,CNN+NLSVM,128Hz_synthetic,0,1,42001,SYN0007,1,1,0.5100332646758178
CNN,CNN+NLSVM,128Hz_synthetic,0,1,42001,SYN0012,1,0,0.5402318107093481
CNN,CNN+NLSVM,128Hz_synthetic,0,1,42001,SYN0012,1,1,0.51312281458532
CNN,CNN+NLSVM,128Hz_synthetic,0,1,42001,SYN0012,1,1,0.5
CNN,CNN+NLSVM,128Hz_synthetic,0,1,42001,SYN0013,1,1,0.5055776185670474
CNN,CNN+NLSVM,128Hz_synthetic,0,1,42001,SYN0013,1,0,0.527185380423988
CNN,CNN+NLSVM,128Hz_synthetic,0,1,42001,SYN0013,1,1,0.5099938152591527
CNN,CNN+NLSVM,128Hz_synthetic,0,1,42001,SYN0013,1,0,0.5210235193728577
CNN,CNN+NLSVM,128Hz_synthetic,0,1,42001,SYN0013,1,1,0.4922690093288602
CNN,CNN+NLSVM,128Hz_synthetic,0,1,42001,SYN0014,1,0,0.5386518101894459
CNN,CNN+NLSVM,128Hz_synthetic,0,1,42001,SYN0014,1,0,0.5219244344058073
CNN,CNN+NLSVM,128Hz_synthetic,0,1,42001,SYN0014,1,1,0.5068521891181202
CNN,CNN+NLSVM,128Hz_synthetic,0,1,42001,SYN0014,1,0,0.5234934753041396
CNN,CNN+NLSVM,128Hz_synthetic,0,1,42001,SYN0015,0,1,0.5147946846087482
CNN,CNN+NLSVM,128Hz_synthetic,0,1,42001,SYN0015,0,1,0.5
CNN,CNN+NLSVM,128Hz_synthetic,0,1,42001,SYN0015,0,0,0.5230203215937127
CNN,CNN+NLSVM,128Hz_synthetic,0,1,42001,SYN0019,0,0,0.5317054797364833
CNN,CNN+NLSVM,128Hz_synthetic,0,1,42001,SYN0019,0,1,0.5065060532315224
CNN,CNN+NLSVM,128Hz_synthetic,0,1,42001,SYN0019,0,0,0.5341972830904531
CNN,CNN+NLSVM,128Hz_synthetic,0,1,42001,SYN0019,0,0,0.5294600275076298
CNN,CNN+NLSVM,128Hz_synthetic,0,1,42001,SYN0019,0,0,0.5331306141978939
CNN,CNN+NLSVM,128Hz_synthetic,0,1,42001,SYN0022,0,1,0.5138075493907047
CNN,CNN+NLSVM,128Hz_synthetic,0,1,42001,SYN0022,0,1,0.517422924082159
CNN,CNN+NLSVM,128Hz_synthetic,0,1,42001,SYN0022,0,0,0.5232621485189702
CNN,CNN+NLSVM,128Hz_synthetic,0,1,42001,SYN0025,0,0,0.5210665344833176
CNN,CNN+NLSVM,128Hz_synthetic,0,1,42001,SYN0025,0,1,0.5072987201524712
CNN,CNN+NLSVM,128Hz_synthetic,0,1,42001,SYN0025,0,1,0.509805737258186
CNN,CNN+NLSVM,128Hz_synthetic,0,1,42001,SYN0025,0,0,0.5385303943915459
CNN,CNN+NLSVM,128Hz_synthetic,0,1,42001,SYN0028,0,0,0.5297335939905071
CNN,CNN+NLSVM,128Hz_synthetic,0,1,42001,SYN0028,0,1,0.5147240899358212
CNN,CNN+NLSVM,128Hz_synthetic,0,1,42001,SYN0028,0,1,0.5161049963657057
CNN,CNN+NLSVM,128Hz_synthetic,0,1,42001,SYN0028,0,1,0.5088767222008537
CNN,CNN+RF,128Hz_synthetic,0,1,42001,SYN0005,1,1,0.58
CNN,CNN+RF,128Hz_synthetic,0,1,42001,SYN0005,1,0,0.41
CNN,CNN+RF,128Hz_synthetic,0,1,42001,SYN0005,1,0,0.37
CNN,CNN+RF,128Hz_synthetic,0,1,42001,SYN0007,1,1,0.69
CNN,CNN+RF,128Hz_synthetic,0,1,42001,SYN0007,1,0,0.49
CNN,CNN+RF,128Hz_synthetic,0,1,42001,SYN0007,1,1,0.55
CNN,CNN+RF,128Hz_synthetic,0,1,42001,SYN0012,1,0,0.5
CNN,CNN+RF,128Hz_synthetic,0,1,42001,SYN0012,1,1,0.55
CNN,CNN+RF,128Hz_synthetic,0,1,42001,SYN0012,1,0,0.49
CNN,CNN+RF,128Hz_synthetic,0,1,42001,SYN0013,1,1,0.56
CNN,CNN+RF,128Hz_synthetic,0,1,42001,SYN0013,1,1,0.65
CNN,CNN+RF,128Hz_synthetic,0,1,42001,SYN0013,1,1,0.56
CNN,CNN+RF,128Hz_synthetic,0,1,42001,SYN0013,1,1,0.55
CNN,CNN+RF,128Hz_synthetic,0,1,42001,SYN0013,1,1,0.79
CNN,CNN+RF,128Hz_synthetic,0,1,42001,SYN0014,1,0,0.25
CNN,CNN+RF,128Hz_synthetic,0,1,42001,SYN0014,1,1,0.62
CNN,CNN+RF,128Hz_synthetic,0,1,42001,SYN0014,1,1,0.54
CNN,CNN+RF,128Hz_synthetic,0,1,42001,SYN0014,1,0,0.32
CNN,CNN+RF,128Hz_synthetic,0,1,42001,SYN0015,0,1,0.61
CNN,CNN+RF,128Hz_synthetic,0,1,42001,SYN0015,0,1,0.78
CNN,CNN+RF,128Hz_synthetic,0,1,42001,SYN0015,0,1,0.54
CNN,CNN+RF,128Hz_synthetic,0,1,42001,SYN0019,0,0,0.4
CNN,CNN+RF,128Hz_synthetic,0,1,42001,SYN0019,0,1,0.72
CNN,CNN+RF,128Hz_synthetic,0,1,42001,SYN0019,0,0,0.46
CNN,CNN+RF,128Hz_synthetic,0,1,42001,SYN0019,0,1,0.61
CNN,CNN+RF,128Hz_synthetic,0,1,42001,SYN0019,0,0,0.37
CNN,CNN+RF,128Hz_synthetic,0,1,42001,SYN0022,0,1,0.54
CNN,CNN+RF,128Hz_synthetic,0,1,42001,SYN0022,0,0,0.48
CNN,CNN+RF,128Hz_synthetic,0,1,42001,SYN0022,0,0,0.38
CNN,CNN+RF,128Hz_synthetic,0,1,42001,SYN0025,0,0,0.48
CNN,CNN+RF,128Hz_synthetic,0,1,42001,SYN0025,0,1,0.56
CNN,CNN+RF,128Hz_synthetic,0,1,42001,SYN0025,0,1,0.59
CNN,CNN+RF,128Hz_synthetic,0,1,42001,SYN0025,0,0,0.46
CNN,CNN+RF,128Hz_synthetic,0,1,42001,SYN0028,0,0,0.42
CNN,CNN+RF,128Hz_synthetic,0,1,42001,SYN0028,0,0,0.36
CNN,CNN+RF,128Hz_synthetic,0,1,42001,SYN0028,0,1,0.58
CNN,CNN+RF,128Hz_synthetic,0,1,42001,SYN0028,0,1,0.57
CNN,CNN+GNB,128Hz_synthetic,0,1,42001,SYN0005,1,1,0.6406631469726562
CNN,CNN+GNB,128Hz_synthetic,0,1,42001,SYN0005,1,0,0.052297551184892654
CNN,CNN+GNB,128Hz_synthetic,0,1,42001,SYN0005,1,0,0.1173662319779396
CNN,CNN+GNB,128Hz_synthetic,0,1,42001,SYN0007,1,1,1.0
CNN,CNN+GNB,128Hz_synthetic,0,1,42001,SYN0007,1,0,0.07771651446819305
CNN,CNN+GNB,128Hz_synthetic,0,1,42001,SYN0007,1,1,0.5366681218147278
CNN,CNN+GNB,128Hz_synthetic,0,1,42001,SYN0012,1,0,0.16199488937854767
CNN,CNN+GNB,128Hz_synthetic,0,1,42001,SYN0012,1,1,0.9220306277275085
CNN,CNN+GNB,128Hz_synthetic,0,1,42001,SYN0012,1,1,0.999755859375
CNN,CNN+GNB,128Hz_synthetic,0,1,42001,SYN0013,1,1,1.0
CNN,CNN+GNB,128Hz_synthetic,0,1,42001,SYN0013,1,0,0.2284354716539383
CNN,CNN+GNB,128Hz_synthetic,0,1,42001,SYN0013,1,1,0.9884703159332275
CNN,CNN+GNB,128Hz_synthetic,0,1,42001,SYN0013,1,0,0.24925415217876434
CNN,CNN+GNB,128Hz_synthetic,0,1,42001,SYN0013,1,1,0.9969528913497925
CNN,CNN+GNB,128Hz_synthetic,0,1,42001,SYN0014,1,0,0.020386481657624245
CNN,CNN+GNB,128Hz_synthetic,0,1,42001,SYN0014,1,0,0.4853721261024475
CNN,CNN+GNB,128Hz_synthetic,0,1,42001,SYN0014,1,1,0.9808977246284485
CNN,CNN+GNB,128Hz_synthetic,0,1,42001,SYN0014,1,0,0.429491251707077
CNN,CNN+GNB,128Hz_synthetic,0,1,42001,SYN0015,0,1,0.9387825131416321
CNN,CNN+GNB,128Hz_synthetic,0,1,42001,SYN0015,0,1,0.8580643534660339
CNN,CNN+GNB,128Hz_synthetic,0,1,42001,SYN0015,0,0,0.08143626153469086
CNN,CNN+GNB,128Hz_synthetic,0,1,42001,SYN0019,0,0,0.02546602301299572
CNN,CNN+GNB,128Hz_synthetic,0,1,42001,SYN0019,0,1,0.9789837002754211
CNN,CNN+GNB,128Hz_synthetic,0,1,42001,SYN0019,0,1,0.9953113198280334
CNN,CNN+GNB,128Hz_synthetic,0,1,42001,SYN0019,0,1,0.9999390244483948
CNN,CNN+GNB,128Hz_synthetic,0,1,42001,SYN0019,0,0,0.0010729522909969091
CNN,CNN+GNB,128Hz_synthetic,0,1,42001,SYN0022,0,1,0.6661843061447144
CNN,CNN+GNB,128Hz_synthetic,0,1,42001,SYN0022,0,0,0.2597217261791229
CNN,CNN+GNB,128Hz_synthetic,0,1,42001,SYN0022,0,0,0.0074477652087807655
CNN,CNN+GNB,128Hz_synthetic,0,1,42001,SYN0025,0,0,0.08637157082557678
CNN,CNN+GNB,128Hz_synthetic,0,1,42001,SYN0025,0,1,0.9983534216880798
CNN,CNN+GNB,128Hz_synthetic,0,1,42001,SYN0025,0,1,0.9998169541358948
CNN,CNN+GNB,128Hz_synthetic,0,1,42001,SYN0025,0,0,0.019523093476891518
CNN,CNN+GNB,128Hz_synthetic,0,1,42001,SYN0028,0,0,0.04096872732043266
CNN,CNN+GNB,128Hz_synthetic,0,1,42001,SYN0028,0,1,0.9957974553108215
CNN,CNN+GNB,128Hz_synthetic,0,1,42001,SYN0028,0,1,1.0
CNN,CNN+GNB,128Hz_synthetic,0,1,42001,SYN0028,0,1,0.5084173679351807
CNN,CNN+KNN,128Hz_synthetic,0,1,42001,SYN0005,1,1,1.0
CNN,CNN+KNN,128Hz_synthetic,0,1,42001,SYN0005,1,0,0.4
CNN,CNN+KNN,128Hz_synthetic,0,1,42001,SYN0005,1,0,0.4
CNN,CNN+KNN,128Hz_synthetic,0,1,42001,SYN0007,1,0,0.2
CNN,CNN+KNN,128Hz_synthetic,0,1,42001,SYN0007,1,0,0.0
CNN,CNN+KNN,128Hz_synthetic,0,1,42001,SYN0007,1,1,0.8
CNN,CNN+KNN,128Hz_synthetic,0,1,42001,SYN0012,1,0,0.4
CNN,CNN+KNN,128Hz_synthetic,0,1,42001,SYN0012,1,1,0.6
CNN,CNN+KNN,128Hz_synthetic,0,1,42001,SYN0012,1,1,0.6
CNN,CNN+KNN,128Hz_synthetic,0,1,42001,SYN0013,1,1,0.6
CNN,CNN+KNN,128Hz_synthetic,0,1,42001,SYN0013,1,1,0.6
CNN,CNN+KNN,128Hz_synthetic,0,1,42001,SYN0013,1,1,0.6
CNN,CNN+KNN,128Hz_synthetic,0,1,42001,SYN0013,1,1,0.8
CNN,CNN+KNN,128Hz_synthetic,0,1,42001,SYN0013,1,1,0.8
CNN,CNN+KNN,128Hz_synthetic,0,1,42001,SYN0014,1,0,0.4
CNN,CNN+KNN,128Hz_synthetic,0,1,42001,SYN0014,1,1,0.6
CNN,CNN+KNN,128Hz_synthetic,0,1,42001,SYN0014,1,1,0.8
CNN,CNN+KNN,128Hz_synthetic,0,1,42001,SYN0014,1,0,0.4
CNN,CNN+KNN,128Hz_synthetic,0,1,42001,SYN0015,0,1,0.8
CNN,CNN+KNN,128Hz_synthetic,0,1,42001,SYN0015,0,1,1.0
CNN,CNN+KNN,128Hz_synthetic,0,1,42001,SYN0015,0,1,0.6
CNN,CNN+KNN,128Hz_synthetic,0,1,42001,SYN0019,0,1,0.6
CNN,CNN+KNN,128Hz_synthetic,0,1,42001,SYN0019,0,1,0.6
CNN,CNN+KNN,128Hz_synthetic,0,1,42001,SYN0019,0,1,0.6
CNN,CNN+KNN,128Hz_synthetic,0,1,42001,SYN0019,0,1,0.6
CNN,CNN+KNN,128Hz_synthetic,0,1,42001,SYN0019,0,1,0.6
CNN,CNN+KNN,128Hz_synthetic,0,1,42001,SYN0022,0,0,0.4
CNN,CNN+KNN,128Hz_synthetic,0,1,42001,SYN0022,0,0,0.4
CNN,CNN+KNN,128Hz_synthetic,0,1,42001,SYN0022,0,0,0.2
CNN,CNN+KNN,128Hz_synthetic,0,1,42001,SYN0025,0,0,0.4
CNN,CNN+KNN,128Hz_synthetic,0,1,42001,SYN0025,0,1,0.6
CNN,CNN+KNN,128Hz_synthetic,0,1,42001,SYN0025,0,0,0.4
CNN,CNN+KNN,128Hz_synthetic,0,1,42001,SYN0025,0,0,0.2
CNN,CNN+KNN,128Hz_synthetic,0,1,42001,SYN0028,0,0,0.2
CNN,CNN+KNN,128Hz_synthetic,0,1,42001,SYN0028,0,1,0.8
CNN,CNN+KNN,128Hz_synthetic,0,1,42001,SYN0028,0,1,0.6
CNN,CNN+KNN,128Hz_synthetic,0,1,42001,SYN0028,0,1,1.0
CNN,CNN+LR_noCORAL,128Hz_synthetic,0,1,42001,SYN0005,1,1,0.5000253915786743
CNN,CNN+LR_noCORAL,128Hz_synthetic,0,1,42001,SYN0005,1,1,0.5000226497650146
CNN,CNN+LR_noCORAL,128Hz_synthetic,0,1,42001,SYN0005,1,0,0.4999822974205017
CNN,CNN+LR_noCORAL,128Hz_synthetic,0,1,42001,SYN0007,1,1,0.5000450611114502
CNN,CNN+LR_noCORAL,128Hz_synthetic,0,1,42001,SYN0007,1,0,0.499944806098938
CNN,CNN+LR_noCORAL,128Hz_synthetic,0,1,42001,SYN0007,1,1,0.5000414252281189
CNN,CNN+LR_noCORAL,128Hz_synthetic,0,1,42001,SYN0012,1,0,0.49992072582244873
CNN,CNN+LR_noCORAL,128Hz_synthetic,0,1,42001,SYN0012,1,1,0.5000298023223877
CNN,CNN+LR_noCORAL,128Hz_synthetic,0,1,42001,SYN0012,1,1,0.5000706911087036
CNN,CNN+LR_noCORAL,128Hz_synthetic,0,1,42001,SYN0013,1,1,0.5000618696212769
CNN,CNN+LR_noCORAL,128Hz_synthetic,0,1,42001,SYN0013,1,0,0.49997133016586304
CNN,CNN+LR_noCORAL,128Hz_synthetic,0,1,42001,SYN0013,1,1,0.5000428557395935
CNN,CNN+LR_noCORAL,128Hz_synthetic,0,1,42001,SYN0013,1,0,0.4999978542327881
CNN,CNN+LR_noCORAL,128Hz_synthetic,0,1,42001,SYN0013,1,1,0.5001131892204285
CNN,CNN+LR_noCORAL,128Hz_synthetic,0,1,42001,SYN0014,1,0,0.49992799758911133
CNN,CNN+LR_noCORAL,128Hz_synthetic,0,1,42001,SYN0014,1,0,0.49999457597732544
CNN,CNN+LR_noCORAL,128Hz_synthetic,0,1,42001,SYN0014,1,1,0.5000543594360352
CNN,CNN+LR_noCORAL,128Hz_synthetic,0,1,42001,SYN0014,1,0,0.49998927116394043
CNN,CNN+LR_noCORAL,128Hz_synthetic,0,1,42001,SYN0015,0,1,0.5000231266021729
CNN,CNN+LR_noCORAL,128Hz_synthetic,0,1,42001,SYN0015,0,1,0.5000704526901245
CNN,CNN+LR_noCORAL,128Hz_synthetic,0,1,42001,SYN0015,0,0,0.4999886751174927
CNN,CNN+LR_noCORAL,128Hz_synthetic,0,1,42001,SYN0019,0,0,0.49995553493499756
CNN,CNN+LR_noCORAL,128Hz_synthetic,0,1,42001,SYN0019,0,1,0.5000553131103516
CNN,CNN+LR_noCORAL,128Hz_synthetic,0,1,42001,SYN0019,0,0,0.4999462366104126
CNN,CNN+LR_noCORAL,128Hz_synthetic,0,1,42001,SYN0019,0,0,0.49996477365493774
CNN,CNN+LR_noCORAL,128Hz_synthetic,0,1,42001,SYN0019,0,0,0.4999503493309021
CNN,CNN+LR_noCORAL,128Hz_synthetic,0,1,42001,SYN0022,0,1,0.5000280737876892
CNN,CNN+LR_noCORAL,128Hz_synthetic,0,1,42001,SYN0022,0,1,0.5000132322311401
CNN,CNN+LR_noCORAL,128Hz_synthetic,0,1,42001,SYN0022,0,0,0.49999064207077026
CNN,CNN+LR_noCORAL,128Hz_synthetic,0,1,42001,SYN0025,0,0,0.4999990463256836
CNN,CNN+LR_noCORAL,128Hz_synthetic,0,1,42001,SYN0025,0,1,0.5000540614128113
CNN,CNN+LR_noCORAL,128Hz_synthetic,0,1,42001,SYN0025,0,1,0.5000428557395935
CNN,CNN+LR_noCORAL,128Hz_synthetic,0,1,42001,SYN0025,0,0,0.4999277591705322
CNN,CNN+LR_noCORAL,128Hz_synthetic,0,1,42001,SYN0028,0,0,0.4999629259109497
CNN,CNN+LR_noCORAL,128Hz_synthetic,0,1,42001,SYN0028,0,1,0.5000240206718445
CNN,CNN+LR_noCORAL,128Hz_synthetic,0,1,42001,SYN0028,0,1,0.5000185370445251
CNN,CNN+LR_noCORAL,128Hz_synthetic,0,1,42001,SYN0028,0,1,0.500045895576477
CNN,CNN+LR_withCORAL,128Hz_synthetic,0,1,42001,SYN0005,1,1,0.5000171518604122
CNN,CNN+LR_withCORAL,128Hz_synthetic,0,1,42001,SYN0005,1,1,0.5000147660563955
CNN,CNN+LR_withCORAL,128Hz_synthetic,0,1,42001,SYN0005,1,0,0.4999740040397666
CNN,CNN+LR_withCORAL,128Hz_synthetic,0,1,42001,SYN0007,1,1,0.5000372385743027
CNN,CNN+LR_withCORAL,128Hz_synthetic,0,1,42001,SYN0007,1,0,0.4999365502646314
CNN,CNN+LR_withCORAL,128Hz_synthetic,0,1,42001,SYN0007,1,1,0.5000335036564629
CNN,CNN+LR_withCORAL,128Hz_synthetic,0,1,42001,SYN0012,1,0,0.49991248933958005
CNN,CNN+LR_withCORAL,128Hz_synthetic,0,1,42001,SYN0012,1,1,0.5000216755325552
CNN,CNN+LR_withCORAL,128Hz_synthetic,0,1,42001,SYN0012,1,1,0.5000627468767039
CNN,CNN+LR_withCORAL,128Hz_synthetic,0,1,42001,SYN0013,1,1,0.5000540068854484
CNN,CNN+LR_withCORAL,128Hz_synthetic,0,1,42001,SYN0013,1,0,0.4999634906875021
CNN,CNN+LR_withCORAL,128Hz_synthetic,0,1,42001,SYN0013,1,1,0.5000347240583514
CNN,CNN+LR_withCORAL,128Hz_synthetic,0,1,42001,SYN0013,1,0,0.49998948213579164
CNN,CNN+LR_withCORAL,128Hz_synthetic,0,1,42001,SYN0013,1,1,0.500105192804923
CNN,CNN+LR_withCORAL,128Hz_synthetic,0,1,42001,SYN0014,1,0,0.499920030138499
CNN,CNN+LR_withCORAL,128Hz_synthetic,0,1,42001,SYN0014,1,0,0.4999865601988812
CNN,CNN+LR_withCORAL,128Hz_synthetic,0,1,42001,SYN0014,1,1,0.5000462653138309
CNN,CNN+LR_withCORAL,128Hz_synthetic,0,1,42001,SYN0014,1,0,0.49998094234817586
CNN,CNN+LR_withCORAL,128Hz_synthetic,0,1,42001,SYN0015,0,1,0.5000151751331
CNN,CNN+LR_withCORAL,128Hz_synthetic,0,1,42001,SYN0015,0,1,0.5000623316772993
CNN,CNN+LR_withCORAL,128Hz_synthetic,0,1,42001,SYN0015,0,0,0.4999805523008692
CNN,CNN+LR_withCORAL,128Hz_synthetic,0,1,42001,SYN0019,0,0,0.49994739704505053
CNN,CNN+LR_withCORAL,128Hz_synthetic,0,1,42001,SYN0019,0,1,0.5000472489506467
CNN,CNN+LR_withCORAL,128Hz_synthetic,0,1,42001,SYN0019,0,0,0.499938159847678
CNN,CNN+LR_withCORAL,128Hz_synthetic,0,1,42001,SYN0019,0,0,0.4999564515057859
CNN,CNN+LR_withCORAL,128Hz_synthetic,0,1,42001,SYN0019,0,0,0.499941848125784
CNN,CNN+LR_withCORAL,128Hz_synthetic,0,1,42001,SYN0022,0,1,0.5000197964500046
CNN,CNN+LR_withCORAL,128Hz_synthetic,0,1,42001,SYN0022,0,1,0.5000050962552309
CNN,CNN+LR_withCORAL,128Hz_synthetic,0,1,42001,SYN0022,0,0,0.49998224498981086
CNN,CNN+LR_withCORAL,128Hz_synthetic,0,1,42001,SYN0025,0,0,0.4999908051583107
CNN,CNN+LR_withCORAL,128Hz_synthetic,0,1,42001,SYN0025,0,1,0.500046091551311
CNN,CNN+LR_withCORAL,128Hz_synthetic,0,1,42001,SYN0025,0,1,0.5000348568729193
CNN,CNN+LR_withCORAL,128Hz_synthetic,0,1,42001,SYN0025,0,0,0.49991959450821616
CNN,CNN+LR_withCORAL,128Hz_synthetic,0,1,42001,SYN0028,0,0,0.4999546899422409
CNN,CNN+LR_withCORAL,128Hz_synthetic,0,1,42001,SYN0028,0,1,0.5000158834641544
CNN,CNN+LR_withCORAL,128Hz_synthetic,0,1,42001,SYN0028,0,1,0.500010037860299
CNN,CNN+LR_withCORAL,128Hz_synthetic,0,1,42001,SYN0028,0,1,0.5000378271674316
CNN,CNN,128Hz_synthetic,0,2,42002,SYN0002,1,1,0.5059663653373718
CNN,CNN,128Hz_synthetic,0,2,42002,SYN0002,1,1,0.5073480010032654
CNN,CNN,128Hz_synthetic,0,2,42002,SYN0002,1,1,0.5070321559906006
CNN,CNN,128Hz_synthetic,0,2,42002,SYN0002,1,1,0.507308840751648
CNN,CNN,128Hz_synthetic,0,2,42002,SYN0006,1,1,0.5072941184043884
CNN,CNN,128Hz_synthetic,0,2,42002,SYN0006,1,1,0.5064705610275269
CNN,CNN,128Hz_synthetic,0,2,42002,SYN0006,1,1,0.5084469318389893
CNN,CNN,128Hz_synthetic,0,2,42002,SYN0006,1,1,0.5069622993469238
CNN,CNN,128Hz_synthetic,0,2,42002,SYN0006,1,1,0.5083075761795044
CNN,CNN,128Hz_synthetic,0,2,42002,SYN0008,1,1,0.506810188293457
CNN,CNN,128Hz_synthetic,0,2,42002,SYN0008,1,1,0.5051939487457275
CNN,CNN,128Hz_synthetic,0,2,42002,SYN0008,1,1,0.5084446668624878
CNN,CNN,128Hz_synthetic,0,2,42002,SYN0008,1,1,0.5080424547195435
CNN,CNN,128Hz_synthetic,0,2,42002,SYN0008,1,1,0.5073064565658569
CNN,CNN,128Hz_synthetic,0,2,42002,SYN0009,1,1,0.5073003768920898
CNN,CNN,128Hz_synthetic,0,2,42002,SYN0009,1,1,0.5085238218307495
CNN,CNN,128Hz_synthetic,0,2,42002,SYN0009,1,1,0.5060427188873291
CNN,CNN,128Hz_synthetic,0,2,42002,SYN0010,1,1,0.5063033699989319
CNN,CNN,128Hz_synthetic,0,2,42002,SYN0010,1,1,0.5072113871574402
CNN,CNN,128Hz_synthetic,0,2,42002,SYN0010,1,1,0.5056963562965393
CNN,CNN,128Hz_synthetic,0,2,42002,SYN0010,1,1,0.5072309374809265
CNN,CNN,128Hz_synthetic,0,2,42002,SYN0020,0,1,0.5071094632148743
CNN,CNN,128Hz_synthetic,0,2,42002,SYN0020,0,1,0.5082963705062866
CNN,CNN,128Hz_synthetic,0,2,42002,SYN0020,0,1,0.5089422464370728
CNN,CNN,128Hz_synthetic,0,2,42002,SYN0020,0,1,0.5063744187355042
CNN,CNN,128Hz_synthetic,0,2,42002,SYN0023,0,1,0.5063963532447815
CNN,CNN,128Hz_synthetic,0,2,42002,SYN0023,0,1,0.506009578704834
CNN,CNN,128Hz_synthetic,0,2,42002,SYN0023,0,1,0.5075794458389282
CNN,CNN,128Hz_synthetic,0,2,42002,SYN0023,0,1,0.5049382448196411
CNN,CNN,128Hz_synthetic,0,2,42002,SYN0023,0,1,0.5063483119010925
CNN,CNN,128Hz_synthetic,0,2,42002,SYN0024,0,1,0.50733482837677
CNN,CNN,128Hz_synthetic,0,2,42002,SYN0024,0,1,0.5061980485916138
CNN,CNN,128Hz_synthetic,0,2,42002,SYN0024,0,1,0.5077397227287292
CNN,CNN,128Hz_synthetic,0,2,42002,SYN0024,0,1,0.5059187412261963
CNN,CNN,128Hz_synthetic,0,2,42002,SYN0026,0,1,0.5062173008918762
CNN,CNN,128Hz_synthetic,0,2,42002,SYN0026,0,1,0.5053325891494751
CNN,CNN,128Hz_synthetic,0,2,42002,SYN0026,0,1,0.5078483819961548
CNN,CNN,128Hz_synthetic,0,2,42002,SYN0026,0,1,0.5069141983985901
CNN,CNN,128Hz_synthetic,0,2,42002,SYN0026,0,1,0.5077842473983765
CNN,CNN,128Hz_synthetic,0,2,42002,SYN0027,0,1,0.5066089630126953
CNN,CNN,128Hz_synthetic,0,2,42002,SYN0027,0,1,0.5045493841171265
CNN,CNN,128Hz_synthetic,0,2,42002,SYN0027,0,1,0.5063309669494629
CNN,CNN,128Hz_synthetic,0,2,42002,SYN0027,0,1,0.5078016519546509
CNN,CNN,128Hz_synthetic,0,2,42002,SYN0027,0,1,0.5065575838088989
CNN,CNN+LR,128Hz_synthetic,0,2,42002,SYN0002,1,0,0.4996807277202606
CNN,CNN+LR,128Hz_synthetic,0,2,42002,SYN0002,1,1,0.5001035332679749
CNN,CNN+LR,128Hz_synthetic,0,2,42002,SYN0002,1,1,0.5001285672187805
CNN,CNN+LR,128Hz_synthetic,0,2,42002,SYN0002,1,1,0.5000860691070557
CNN,CNN+LR,128Hz_synthetic,0,2,42002,SYN0006,1,0,0.49994075298309326
CNN,CNN+LR,128Hz_synthetic,0,2,42002,SYN0006,1,1,0.5002143383026123
CNN,CNN+LR,128Hz_synthetic,0,2,42002,SYN0006,1,1,0.5004416704177856
CNN,CNN+LR,128Hz_synthetic,0,2,42002,SYN0006,1,0,0.49974364042282104
CNN,CNN+LR,128Hz_synthetic,0,2,42002,SYN0006,1,1,0.5001727342605591
CNN,CNN+LR,128Hz_synthetic,0,2,42002,SYN0008,1,0,0.4998812973499298
CNN,CNN+LR,128Hz_synthetic,0,2,42002,SYN0008,1,0,0.49954336881637573
CNN,CNN+LR,128Hz_synthetic,0,2,42002,SYN0008,1,1,0.5006183385848999
CNN,CNN+LR,128Hz_synthetic,0,2,42002,SYN0008,1,1,0.5001352429389954
CNN,CNN+LR,128Hz_synthetic,0,2,42002,SYN0008,1,1,0.5000619888305664
CNN,CNN+LR,128Hz_synthetic,0,2,42002,SYN0009,1,0,0.49998795986175537
CNN,CNN+LR,128Hz_synthetic,0,2,42002,SYN0009,1,1,0.5002638101577759
CNN,CNN+LR,128Hz_synthetic,0,2,42002,SYN0009,1,0,0.4998854696750641
CNN,CNN+LR,128Hz_synthetic,0,2,42002,SYN0010,1,0,0.49997735023498535
CNN,CNN+LR,128Hz_synthetic,0,2,42002,SYN0010,1,0,0.49980053305625916
CNN,CNN+LR,128Hz_synthetic,0,2,42002,SYN0010,1,1,0.5000101327896118
CNN,CNN+LR,128Hz_synthetic,0,2,42002,SYN0010,1,0,0.4999983310699463
CNN,CNN+LR,128Hz_synthetic,0,2,42002,SYN0020,0,0,0.49975812435150146
CNN,CNN+LR,128Hz_synthetic,0,2,42002,SYN0020,0,1,0.5003526210784912
CNN,CNN+LR,128Hz_synthetic,0,2,42002,SYN0020,0,1,0.5004851818084717
CNN,CNN+LR,128Hz_synthetic,0,2,42002,SYN0020,0,0,0.4999583959579468
CNN,CNN+LR,128Hz_synthetic,0,2,42002,SYN0023,0,1,0.5000197291374207
CNN,CNN+LR,128Hz_synthetic,0,2,42002,SYN0023,0,0,0.4995821714401245
CNN,CNN+LR,128Hz_synthetic,0,2,42002,SYN0023,0,1,0.5000072717666626
CNN,CNN+LR,128Hz_synthetic,0,2,42002,SYN0023,0,0,0.4997332990169525
CNN,CNN+LR,128Hz_synthetic,0,2,42002,SYN0023,0,0,0.49984872341156006
CNN,CNN+LR,128Hz_synthetic,0,2,42002,SYN0024,0,1,0.5000439286231995
CNN,CNN+LR,128Hz_synthetic,0,2,42002,SYN0024,0,0,0.49979254603385925
CNN,CNN+LR,128Hz_synthetic,0,2,42002,SYN0024,0,1,0.500264048576355
CNN,CNN+LR,128Hz_synthetic,0,2,42002,SYN0024,0,0,0.4996494650840759
CNN,CNN+LR,128Hz_synthetic,0,2,42002,SYN0026,0,0,0.49987444281578064
CNN,CNN+LR,128Hz_synthetic,0,2,42002,SYN0026,0,0,0.49942153692245483
CNN,CNN+LR,128Hz_synthetic,0,2,42002,SYN0026,0,1,0.5001782178878784
CNN,CNN+LR,128Hz_synthetic,0,2,42002,SYN0026,0,0,0.4998624622821808
CNN,CNN+LR,128Hz_synthetic,0,2,42002,SYN0026,0,1,0.5000119805335999
CNN,CNN+LR,128Hz_synthetic,0,2,42002,SYN0027,0,1,0.5000216364860535
CNN,CNN+LR,128Hz_synthetic,0,2,42002,SYN0027,0,0,0.4996572732925415
CNN,CNN+LR,128Hz_synthetic,0,2,42002,SYN0027,0,0,0.49988725781440735
CNN,CNN+LR,128Hz_synthetic,0,2,42002,SYN0027,0,0,0.4999885559082031
CNN,CNN+LR,128Hz_synthetic,0,2,42002,SYN0027,0,0,0.4998057782649994
CNN,CNN+LinearSVM,128Hz_synthetic,0,2,42002,SYN0002,1,0,0.689220577926078
CNN,CNN+LinearSVM,128Hz_synthetic,0,2,42002,SYN0002,1,0,0.6887600629360644
CNN,CNN+LinearSVM,128Hz_synthetic,0,2,42002,SYN0002,1,0,0.6887356666309274
CNN,CNN+LinearSVM,128Hz_synthetic,0,2,42002,SYN0002,1,0,0.6887776390480974
CNN,CNN+LinearSVM,128Hz_synthetic,0,2,42002,SYN0006,1,0,0.6889392939818705
CNN,CNN+LinearSVM,128Hz_synthetic,0,2,42002,SYN0006,1,0,0.6886357274960578
CNN,CNN+LinearSVM,128Hz_synthetic,0,2,42002,SYN0006,1,0,0.6883895823094016
CNN,CNN+LinearSVM,128Hz_synthetic,0,2,42002,SYN0006,1,0,0.6891502032244661
CNN,CNN+LinearSVM,128Hz_synthetic,0,2,42002,SYN0006,1,0,0.6886811484714734
CNN,CNN+LinearSVM,128Hz_synthetic,0,2,42002,SYN0008,1,0,0.6889999427576736
CNN,CNN+LinearSVM,128Hz_synthetic,0,2,42002,SYN0008,1,0,0.6893694603801728
CNN,CNN+LinearSVM,128Hz_synthetic,0,2,42002,SYN0008,1,0,0.6881934610808906
CNN,CNN+LinearSVM,128Hz_synthetic,0,2,42002,SYN0008,1,0,0.6887168065874241
CNN,CNN+LinearSVM,128Hz_synthetic,0,2,42002,SYN0008,1,0,0.6888013745248013
CNN,CNN+LinearSVM,128Hz_synthetic,0,2,42002,SYN0009,1,0,0.6888854328098899
CNN,CNN+LinearSVM,128Hz_synthetic,0,2,42002,SYN0009,1,0,0.6885851714323287
CNN,CNN+LinearSVM,128Hz_synthetic,0,2,42002,SYN0009,1,0,0.6889918208226985
CNN,CNN+LinearSVM,128Hz_synthetic,0,2,42002,SYN0010,1,0,0.6888931029611822
CNN,CNN+LinearSVM,128Hz_synthetic,0,2,42002,SYN0010,1,0,0.6890955672486574
CNN,CNN+LinearSVM,128Hz_synthetic,0,2,42002,SYN0010,1,0,0.6888576628890698
CNN,CNN+LinearSVM,128Hz_synthetic,0,2,42002,SYN0010,1,0,0.6888740659956254
CNN,CNN+LinearSVM,128Hz_synthetic,0,2,42002,SYN0020,0,0,0.6891344042839679
CNN,CNN+LinearSVM,128Hz_synthetic,0,2,42002,SYN0020,0,0,0.6884922142243559
CNN,CNN+LinearSVM,128Hz_synthetic,0,2,42002,SYN0020,0,0,0.6883422447491219
CNN,CNN+LinearSVM,128Hz_synthetic,0,2,42002,SYN0020,0,0,0.688921395464828
CNN,CNN+LinearSVM,128Hz_synthetic,0,2,42002,SYN0023,0,0,0.6888474867328155
CNN,CNN+LinearSVM,128Hz_synthetic,0,2,42002,SYN0023,0,0,0.6893304596251714
CNN,CNN+LinearSVM,128Hz_synthetic,0,2,42002,SYN0023,0,0,0.6888595670980006
CNN,CNN+LinearSVM,128Hz_synthetic,0,2,42002,SYN0023,0,0,0.6891647592754649
CNN,CNN+LinearSVM,128Hz_synthetic,0,2,42002,SYN0023,0,0,0.6890366591277807
CNN,CNN+LinearSVM,128Hz_synthetic,0,2,42002,SYN0024,0,0,0.6888320435948064
CNN,CNN+LinearSVM,128Hz_synthetic,0,2,42002,SYN0024,0,0,0.6890983634364534
CNN,CNN+LinearSVM,128Hz_synthetic,0,2,42002,SYN0024,0,0,0.68858269898456
CNN,CNN+LinearSVM,128Hz_synthetic,0,2,42002,SYN0024,0,0,0.6892531962471247
CNN,CNN+LinearSVM,128Hz_synthetic,0,2,42002,SYN0026,0,0,0.689010524369481
CNN,CNN+LinearSVM,128Hz_synthetic,0,2,42002,SYN0026,0,0,0.6895082057993029
CNN,CNN+LinearSVM,128Hz_synthetic,0,2,42002,SYN0026,0,0,0.6886812004567806
CNN,CNN+LinearSVM,128Hz_synthetic,0,2,42002,SYN0026,0,0,0.6890211077406037
CNN,CNN+LinearSVM,128Hz_synthetic,0,2,42002,SYN0026,0,0,0.6888608443105997
CNN,CNN+LinearSVM,128Hz_synthetic,0,2,42002,SYN0027,0,0,0.6888467653488939
CNN,CNN+LinearSVM,128Hz_synthetic,0,2,42002,SYN0027,0,0,0.6892437430162177
CNN,CNN+LinearSVM,128Hz_synthetic,0,2,42002,SYN0027,0,0,0.6889929298837614
CNN,CNN+LinearSVM,128Hz_synthetic,0,2,42002,SYN0027,0,0,0.6888875984988267
CNN,CNN+LinearSVM,128Hz_synthetic,0,2,42002,SYN0027,0,0,0.689083678059302
CNN,CNN+NLSVM,128Hz_synthetic,0,2,42002,SYN0002,1,0,0.6035795781743641
CNN,CNN+NLSVM,128Hz_synthetic,0,2,42002,SYN0002,1,0,0.5842451420438114
CNN,CNN+NLSVM,128Hz_synthetic,0,2,42002,SYN0002,1,0,0.5833464451626602
CNN,CNN+NLSVM,128Hz_synthetic,0,2,42002,SYN0002,1,0,0.5850231815127374
CNN,CNN+NLSVM,128Hz_synthetic,0,2,42002,SYN0006,1,0,0.5917251077081144
CNN,CNN+NLSVM,128Hz_synthetic,0,2,42002,SYN0006,1,0,0.5790165296253006
CNN,CNN+NLSVM,128Hz_synthetic,0,2,42002,SYN0006,1,0,0.5688235606149609
CNN,CNN+NLSVM,128Hz_synthetic,0,2,42002,SYN0006,1,0,0.6006216938241329
CNN,CNN+NLSVM,128Hz_synthetic,0,2,42002,SYN0006,1,0,0.5809344475295395
CNN,CNN+NLSVM,128Hz_synthetic,0,2,42002,SYN0008,1,0,0.5942332963343308
CNN,CNN+NLSVM,128Hz_synthetic,0,2,42002,SYN0008,1,0,0.60976948809475
CNN,CNN+NLSVM,128Hz_synthetic,0,2,42002,SYN0008,1,0,0.5607889127744708
CNN,CNN+NLSVM,128Hz_synthetic,0,2,42002,SYN0008,1,0,0.5825959789099919
CNN,CNN+NLSVM,128Hz_synthetic,0,2,42002,SYN0008,1,0,0.5859861805323868
CNN,CNN+NLSVM,128Hz_synthetic,0,2,42002,SYN0009,1,0,0.5895825284935934
CNN,CNN+NLSVM,128Hz_synthetic,0,2,42002,SYN0009,1,0,0.5770131336835903
CNN,CNN+NLSVM,128Hz_synthetic,0,2,42002,SYN0009,1,0,0.5939800310212017
CNN,CNN+NLSVM,128Hz_synthetic,0,2,42002,SYN0010,1,0,0.5899436200668715
CNN,CNN+NLSVM,128Hz_synthetic,0,2,42002,SYN0010,1,0,0.5982828669944974
CNN,CNN+NLSVM,128Hz_synthetic,0,2,42002,SYN0010,1,0,0.5883553564609231
CNN,CNN+NLSVM,128Hz_synthetic,0,2,42002,SYN0010,1,0,0.5891100971887555
CNN,CNN+NLSVM,128Hz_synthetic,0,2,42002,SYN0020,0,0,0.5998655278469116
CNN,CNN+NLSVM,128Hz_synthetic,0,2,42002,SYN0020,0,0,0.5730372803662744
CNN,CNN+NLSVM,128Hz_synthetic,0,2,42002,SYN0020,0,0,0.566760459788623
CNN,CNN+NLSVM,128Hz_synthetic,0,2,42002,SYN0020,0,0,0.5910537543321962
CNN,CNN+NLSVM,128Hz_synthetic,0,2,42002,SYN0023,0,0,0.58787855464614
CNN,CNN+NLSVM,128Hz_synthetic,0,2,42002,SYN0023,0,0,0.6081112756650279
CNN,CNN+NLSVM,128Hz_synthetic,0,2,42002,SYN0023,0,0,0.5883830894584312
CNN,CNN+NLSVM,128Hz_synthetic,0,2,42002,SYN0023,0,0,0.6012303676630847
CNN,CNN+NLSVM,128Hz_synthetic,0,2,42002,SYN0023,0,0,0.5958130598751218
CNN,CNN+NLSVM,128Hz_synthetic,0,2,42002,SYN0024,0,0,0.5874990110385349
CNN,CNN+NLSVM,128Hz_synthetic,0,2,42002,SYN0024,0,0,0.5983734191880878
CNN,CNN+NLSVM,128Hz_synthetic,0,2,42002,SYN0024,0,0,0.57676571722412
CNN,CNN+NLSVM,128Hz_synthetic,0,2,42002,SYN0024,0,0,0.6048786130471547
CNN,CNN+NLSVM,128Hz_synthetic,0,2,42002,SYN0026,0,0,0.5947776973382434
CNN,CNN+NLSVM,128Hz_synthetic,0,2,42002,SYN0026,0,0,0.6152196429051934
CNN,CNN+NLSVM,128Hz_synthetic,0,2,42002,SYN0026,0,0,0.5810835721137662
CNN,CNN+NLSVM,128Hz_synthetic,0,2,42002,SYN0026,0,0,0.5951776833889616
CNN,CNN+NLSVM,128Hz_synthetic,0,2,42002,SYN0026,0,0,0.588540785231545
CNN,CNN+NLSVM,128Hz_synthetic,0,2,42002,SYN0027,0,0,0.5878801675255404
CNN,CNN+NLSVM,128Hz_synthetic,0,2,42002,SYN0027,0,0,0.6045312686195606
CNN,CNN+NLSVM,128Hz_synthetic,0,2,42002,SYN0027,0,0,0.5940203832876884
CNN,CNN+NLSVM,128Hz_synthetic,0,2,42002,SYN0027,0,0,0.5895789115206278
CNN,CNN+NLSVM,128Hz_synthetic,0,2,42002,SYN0027,0,0,0.5977729705811134
CNN,CNN+RF,128Hz_synthetic,0,2,42002,SYN0002,1,0,0.4
CNN,CNN+RF,128Hz_synthetic,0,2,42002,SYN0002,1,1,0.54
CNN,CNN+RF,128Hz_synthetic,0,2,42002,SYN0002,1,1,0.53
CNN,CNN+RF,128Hz_synthetic,0,2,42002,SYN0002,1,1,0.59
CNN,CNN+RF,128Hz_synthetic,0,2,42002,SYN0006,1,1,0.54
CNN,CNN+RF,128Hz_synthetic,0,2,42002,SYN0006,1,1,0.69
CNN,CNN+RF,128Hz_synthetic,0,2,42002,SYN0006,1,1,0.79
CNN,CNN+RF,128Hz_synthetic,0,2,42002,SYN0006,1,0,0.31
CNN,CNN+RF,128Hz_synthetic,0,2,42002,SYN0006,1,1,0.65
CNN,CNN+RF,128Hz_synthetic,0,2,42002,SYN0008,1,0,0.46
CNN,CNN+RF,128Hz_synthetic,0,2,42002,SYN0008,1,0,0.25
CNN,CNN+RF,128Hz_synthetic,0,2,42002,SYN0008,1,1,0.79
CNN,CNN+RF,128Hz_synthetic,0,2,42002,SYN0008,1,1,0.52
CNN,CNN+RF,128Hz_synthetic,0,2,42002,SYN0008,1,0,0.49
CNN,CNN+RF,128Hz_synthetic,0,2,42002,SYN0009,1,1,0.56
CNN,CNN+RF,128Hz_synthetic,0,2,42002,SYN0009,1,1,0.6
CNN,CNN+RF,128Hz_synthetic,0,2,42002,SYN0009,1,0,0.34
CNN,CNN+RF,128Hz_synthetic,0,2,42002,SYN0010,1,1,0.52
CNN,CNN+RF,128Hz_synthetic,0,2,42002,SYN0010,1,0,0.45
CNN,CNN+RF,128Hz_synthetic,0,2,42002,SYN0010,1,1,0.54
CNN,CNN+RF,128Hz_synthetic,0,2,42002,SYN0010,1,1,0.64
CNN,CNN+RF,128Hz_synthetic,0,2,42002,SYN0020,0,1,0.52
CNN,CNN+RF,128Hz_synthetic,0,2,42002,SYN0020,0,1,0.71
CNN,CNN+RF,128Hz_synthetic,0,2,42002,SYN0020,0,1,0.81
CNN,CNN+RF,128Hz_synthetic,0,2,42002,SYN0020,0,0,0.45
CNN,CNN+RF,128Hz_synthetic,0,2,42002,SYN0023,0,1,0.56
CNN,CNN+RF,128Hz_synthetic,0,2,42002,SYN0023,0,0,0.35
CNN,CNN+RF,128Hz_synthetic,0,2,42002,SYN0023,0,0,0.47
CNN,CNN+RF,128Hz_synthetic,0,2,42002,SYN0023,0,0,0.45
CNN,CNN+RF,128Hz_synthetic,0,2,42002,SYN0023,0,0,0.39
CNN,CNN+RF,128Hz_synthetic,0,2,42002,SYN0024,0,1,0.52
CNN,CNN+RF,128Hz_synthetic,0,2,42002,SYN0024,0,1,0.51
CNN,CNN+RF,128Hz_synthetic,0,2,42002,SYN0024,0,1,0.75
CNN,CNN+RF,128Hz_synthetic,0,2,42002,SYN0024,0,0,0.36
CNN,CNN+RF,128Hz_synthetic,0,2,42002,SYN0026,0,0,0.47
CNN,CNN+RF,128Hz_synthetic,0,2,42002,SYN0026,0,0,0.29
CNN,CNN+RF,128Hz_synthetic,0,2,42002,SYN0026,0,1,0.6
CNN,CNN+RF,128Hz_synthetic,0,2,42002,SYN0026,0,0,0.5
CNN,CNN+RF,128Hz_synthetic,0,2,42002,SYN0026,0,0,0.46
CNN,CNN+RF,128Hz_synthetic,0,2,42002,SYN0027,0,0,0.5
CNN,CNN+RF,128Hz_synthetic,0,2,42002,SYN0027,0,0,0.29
CNN,CNN+RF,128Hz_synthetic,0,2,42002,SYN0027,0,1,0.54
CNN,CNN+RF,128Hz_synthetic,0,2,42002,SYN0027,0,0,0.4
CNN,CNN+RF,128Hz_synthetic,0,2,42002,SYN0027,0,0,0.4
CNN,CNN+GNB,128Hz_synthetic,0,2,42002,SYN0002,1,1,0.9574737548828125
CNN,CNN+GNB,128Hz_synthetic,0,2,42002,SYN0002,1,1,1.0
CNN,CNN+GNB,128Hz_synthetic,0,2,42002,SYN0002,1,1,0.9985971450805664
CNN,CNN+GNB,128Hz_synthetic,0,2,42002,SYN0002,1,1,0.9995728135108948
CNN,CNN+GNB,128Hz_synthetic,0,2,42002,SYN0006,1,1,0.9964662194252014
CNN,CNN+GNB,128Hz_synthetic,0,2,42002,SYN0006,1,1,0.9988409876823425
CNN,CNN+GNB,128Hz_synthetic,0,2,42002,SYN0006,1,1,1.0
CNN,CNN+GNB,128Hz_synthetic,0,2,42002,SYN0006,1,1,0.9853982329368591
CNN,CNN+GNB,128Hz_synthetic,0,2,42002,SYN0006,1,1,0.9978660345077515
CNN,CNN+GNB,128Hz_synthetic,0,2,42002,SYN0008,1,1,0.9936118125915527
CNN,CNN+GNB,128Hz_synthetic,0,2,42002,SYN0008,1,1,0.5475535988807678
CNN,CNN+GNB,128Hz_synthetic,0,2,42002,SYN0008,1,1,1.0
CNN,CNN+GNB,128Hz_synthetic,0,2,42002,SYN0008,1,1,0.9933692812919617
CNN,CNN+GNB,128Hz_synthetic,0,2,42002,SYN0008,1,1,0.8112098574638367
CNN,CNN+GNB,128Hz_synthetic,0,2,42002,SYN0009,1,1,1.0
CNN,CNN+GNB,128Hz_synthetic,0,2,42002,SYN0009,1,1,0.9999390244483948
CNN,CNN+GNB,128Hz_synthetic,0,2,42002,SYN0009,1,1,0.8805599808692932
CNN,CNN+GNB,128Hz_synthetic,0,2,42002,SYN0010,1,1,0.8992985486984253
CNN,CNN+GNB,128Hz_synthetic,0,2,42002,SYN0010,1,1,0.980658233165741
CNN,CNN+GNB,128Hz_synthetic,0,2,42002,SYN0010,1,1,0.985698938369751
CNN,CNN+GNB,128Hz_synthetic,0,2,42002,SYN0010,1,1,0.9684644937515259
CNN,CNN+GNB,128Hz_synthetic,0,2,42002,SYN0020,0,1,0.9886512756347656
CNN,CNN+GNB,128Hz_synthetic,0,2,42002,SYN0020,0,1,1.0
CNN,CNN+GNB,128Hz_synthetic,0,2,42002,SYN0020,0,1,1.0
CNN,CNN+GNB,128Hz_synthetic,0,2,42002,SYN0020,0,0,0.0
CNN,CNN+GNB,128Hz_synthetic,0,2,42002,SYN0023,0,1,0.9979879260063171
CNN,CNN+GNB,128Hz_synthetic,0,2,42002,SYN0023,0,0,0.3174417316913605
CNN,CNN+GNB,128Hz_synthetic,0,2,42002,SYN0023,0,1,0.966044008731842
CNN,CNN+GNB,128Hz_synthetic,0,2,42002,SYN0023,0,1,1.0
CNN,CNN+GNB,128Hz_synthetic,0,2,42002,SYN0023,0,1,0.9982315897941589
CNN,CNN+GNB,128Hz_synthetic,0,2,42002,SYN0024,0,1,0.9992069005966187
CNN,CNN+GNB,128Hz_synthetic,0,2,42002,SYN0024,0,1,0.9967095255851746
CNN,CNN+GNB,128Hz_synthetic,0,2,42002,SYN0024,0,1,1.0
CNN,CNN+GNB,128Hz_synthetic,0,2,42002,SYN0024,0,1,0.7502922415733337
CNN,CNN+GNB,128Hz_synthetic,0,2,42002,SYN0026,0,1,0.9891945719718933
CNN,CNN+GNB,128Hz_synthetic,0,2,42002,SYN0026,0,0,0.0012169277761131525
CNN,CNN+GNB,128Hz_synthetic,0,2,42002,SYN0026,0,1,0.999755859375
CNN,CNN+GNB,128Hz_synthetic,0,2,42002,SYN0026,0,1,0.9961622357368469
CNN,CNN+GNB,128Hz_synthetic,0,2,42002,SYN0026,0,1,0.9804188013076782
CNN,CNN+GNB,128Hz_synthetic,0,2,42002,SYN0027,0,1,0.9993898868560791
CNN,CNN+GNB,128Hz_synthetic,0,2,42002,SYN0027,0,1,1.0
CNN,CNN+GNB,128Hz_synthetic,0,2,42002,SYN0027,0,1,1.0
CNN,CNN+GNB,128Hz_synthetic,0,2,42002,SYN0027,0,1,1.0
CNN,CNN+GNB,128Hz_synthetic,0,2,42002,SYN0027,0,1,0.9757623672485352
CNN,CNN+KNN,128Hz_synthetic,0,2,42002,SYN0002,1,0,0.2
CNN,CNN+KNN,128Hz_synthetic,0,2,42002,SYN0002,1,0,0.4
CNN,CNN+KNN,128Hz_synthetic,0,2,42002,SYN0002,1,1,0.8
CNN,CNN+KNN,128Hz_synthetic,0,2,42002,SYN0002,1,1,0.6
CNN,CNN+KNN,128Hz_synthetic,0,2,42002,SYN0006,1,1,0.6
CNN,CNN+KNN,128Hz_synthetic,0,2,42002,SYN0006,1,1,1.0
CNN,CNN+KNN,128Hz_synthetic,0,2,42002,SYN0006,1,1,1.0
CNN,CNN+KNN,128Hz_synthetic,0,2,42002,SYN0006,1,1,0.6
CNN,CNN+KNN,128Hz_synthetic,0,2,42002,SYN0006,1,1,0.6
CNN,CNN+KNN,128Hz_synthetic,0,2,42002,SYN0008,1,1,0.8
CNN,CNN+KNN,128Hz_synthetic,0,2,42002,SYN0008,1,0,0.2
CNN,CNN+KNN,128Hz_synthetic,0,2,42002,SYN0008,1,1,0.8
CNN,CNN+KNN,128Hz_synthetic,0,2,42002,SYN0008,1,0,0.4
CNN,CNN+KNN,128Hz_synthetic,0,2,42002,SYN0008,1,1,0.6
CNN,CNN+KNN,128Hz_synthetic,0,2,42002,SYN0009,1,1,0.6
CNN,CNN+KNN,128Hz_synthetic,0,2,42002,SYN0009,1,1,0.8
CNN,CNN+KNN,128Hz_synthetic,0,2,42002,SYN0009,1,1,0.6
CNN,CNN+KNN,128Hz_synthetic,0,2,42002,SYN0010,1,0,0.4
CNN,CNN+KNN,128Hz_synthetic,0,2,42002,SYN0010,1,1,0.6
CNN,CNN+KNN,128Hz_synthetic,0,2,42002,SYN0010,1,1,0.8
CNN,CNN+KNN,128Hz_synthetic,0,2,42002,SYN0010,1,0,0.4
CNN,CNN+KNN,128Hz_synthetic,0,2,42002,SYN0020,0,1,0.6
CNN,CNN+KNN,128Hz_synthetic,0,2,42002,SYN0020,0,1,0.6
CNN,CNN+KNN,128Hz_synthetic,0,2,42002,SYN0020,0,1,1.0
CNN,CNN+KNN,128Hz_synthetic,0,2,42002,SYN0020,0,0,0.4
CNN,CNN+KNN,128Hz_synthetic,0,2,42002,SYN0023,0,1,0.6
CNN,CNN+KNN,128Hz_synthetic,0,2,42002,SYN0023,0,0,0.2
CNN,CNN+KNN,128Hz_synthetic,0,2,42002,SYN0023,0,1,0.8
CNN,CNN+KNN,128Hz_synthetic,0,2,42002,SYN0023,0,1,1.0
CNN,CNN+KNN,128Hz_synthetic,0,2,42002,SYN0023,0,1,0.6
CNN,CNN+KNN,128Hz_synthetic,0,2,42002,SYN0024,0,0,0.4
CNN,CNN+KNN,128Hz_synthetic,0,2,42002,SYN0024,0,1,0.6
CNN,CNN+KNN,128Hz_synthetic,0,2,42002,SYN0024,0,1,0.6
CNN,CNN+KNN,128Hz_synthetic,0,2,42002,SYN0024,0,0,0.2
CNN,CNN+KNN,128Hz_synthetic,0,2,42002,SYN0026,0,1,0.8
CNN,CNN+KNN,128Hz_synthetic,0,2,42002,SYN0026,0,1,0.6
CNN,CNN+KNN,128Hz_synthetic,0,2,42002,SYN0026,0,0,0.4
CNN,CNN+KNN,128Hz_synthetic,0,2,42002,SYN0026,0,1,0.6
CNN,CNN+KNN,128Hz_synthetic,0,2,42002,SYN0026,0,0,0.2
CNN,CNN+KNN,128Hz_synthetic,0,2,42002,SYN0027,0,1,0.6
CNN,CNN+KNN,128Hz_synthetic,0,2,42002,SYN0027,0,0,0.2
CNN,CNN+KNN,128Hz_synthetic,0,2,42002,SYN0027,0,0,0.4
CNN,CNN+KNN,128Hz_synthetic,0,2,42002,SYN0027,0,1,0.6
CNN,CNN+KNN,128Hz_synthetic,0,2,42002,SYN0027,0,1,0.6
CNN,CNN+LR_noCORAL,128Hz_synthetic,0,2,42002,SYN0002,1,0,0.4996807277202606
CNN,CNN+LR_noCORAL,128Hz_synthetic,0,2,42002,SYN0002,1,1,0.5001035332679749
CNN,CNN+LR_noCORAL,128Hz_synthetic,0,2,42002,SYN0002,1,1,0.5001285672187805
CNN,CNN+LR_noCORAL,128Hz_synthetic,0,2,42002,SYN0002,1,1,0.5000860691070557
CNN,CNN+LR_noCORAL,128Hz_synthetic,0,2,42002,SYN0006,1,0,0.49994075298309326
CNN,CNN+LR_noCORAL,128Hz_synthetic,0,2,42002,SYN0006,1,1,0.5002143383026123
CNN,CNN+LR_noCORAL,128Hz_synthetic,0,2,42002,SYN0006,1,1,0.5004416704177856
CNN,CNN+LR_noCORAL,128Hz_synthetic,0,2,42002,SYN0006,1,0,0.49974364042282104
CNN,CNN+LR_noCORAL,128Hz_synthetic,0,2,42002,SYN0006,1,1,0.5001727342605591
CNN,CNN+LR_noCORAL,128Hz_synthetic,0,2,42002,SYN0008,1,0,0.4998812973499298
CNN,CNN+LR_noCORAL,128Hz_synthetic,0,2,42002,SYN0008,1,0,0.49954336881637573
CNN,CNN+LR_noCORAL,128Hz_synthetic,0,2,42002,SYN0008,1,1,0.5006183385848999
CNN,CNN+LR_noCORAL,128Hz_synthetic,0,2,42002,SYN0008,1,1,0.5001352429389954
CNN,CNN+LR_noCORAL,128Hz_synthetic,0,2,42002,SYN0008,1,1,0.5000619888305664
CNN,CNN+LR_noCORAL,128Hz_synthetic,0,2,42002,SYN0009,1,0,0.49998795986175537
CNN,CNN+LR_noCORAL,128Hz_synthetic,0,2,42002,SYN0009,1,1,0.5002638101577759
CNN,CNN+LR_noCORAL,128Hz_synthetic,0,2,42002,SYN0009,1,0,0.4998854696750641
CNN,CNN+LR_noCORAL,128Hz_synthetic,0,2,42002,SYN0010,1,0,0.49997735023498535
CNN,CNN+LR_noCORAL,128Hz_synthetic,0,2,42002,SYN0010,1,0,0.49980053305625916
CNN,CNN+LR_noCORAL,128Hz_synthetic,0,2,42002,SYN0010,1,1,0.5000101327896118
CNN,CNN+LR_noCORAL,128Hz_synthetic,0,2,42002,SYN0010,1,0,0.4999983310699463
CNN,CNN+LR_noCORAL,128Hz_synthetic,0,2,42002,SYN0020,0,0,0.49975812435150146
CNN,CNN+LR_noCORAL,128Hz_synthetic,0,2,42002,SYN0020,0,1,0.5003526210784912
CNN,CNN+LR_noCORAL,128Hz_synthetic,0,2,42002,SYN0020,0,1,0.5004851818084717
CNN,CNN+LR_noCORAL,128Hz_synthetic,0,2,42002,SYN0020,0,0,0.4999583959579468
CNN,CNN+LR_noCORAL,128Hz_synthetic,0,2,42002,SYN0023,0,1,0.5000197291374207
CNN,CNN+LR_noCORAL,128Hz_synthetic,0,2,42002,SYN0023,0,0,0.4995821714401245
CNN,CNN+LR_noCORAL,128Hz_synthetic,0,2,42002,SYN0023,0,1,0.5000072717666626
CNN,CNN+LR_noCORAL,128Hz_synthetic,0,2,42002,SYN0023,0,0,0.4997332990169525
CNN,CNN+LR_noCORAL,128Hz_synthetic,0,2,42002,SYN0023,0,0,0.49984872341156006
CNN,CNN+LR_noCORAL,128Hz_synthetic,0,2,42002,SYN0024,0,1,0.5000439286231995
CNN,CNN+LR_noCORAL,128Hz_synthetic,0,2,42002,SYN0024,0,0,0.49979254603385925
CNN,CNN+LR_noCORAL,128Hz_synthetic,0,2,42002,SYN0024,0,1,0.500264048576355
CNN,CNN+LR_noCORAL,128Hz_synthetic,0,2,42002,SYN0024,0,0,0.4996494650840759
CNN,CNN+LR_noCORAL,128Hz_synthetic,0,2,42002,SYN0026,0,0,0.49987444281578064
CNN,CNN+LR_noCORAL,128Hz_synthetic,0,2,42002,SYN0026,0,0,0.49942153692245483
CNN,CNN+LR_noCORAL,128Hz_synthetic,0,2,42002,SYN0026,0,1,0.5001782178878784
CNN,CNN+LR_noCORAL,128Hz_synthetic,0,2,42002,SYN0026,0,0,0.4998624622821808
CNN,CNN+LR_noCORAL,128Hz_synthetic,0,2,42002,SYN0026,0,1,0.5000119805335999
CNN,CNN+LR_noCORAL,128Hz_synthetic,0,2,42002,SYN0027,0,1,0.5000216364860535
CNN,CNN+LR_noCORAL,128Hz_synthetic,0,2,42002,SYN0027,0,0,0.4996572732925415
CNN,CNN+LR_noCORAL,128Hz_synthetic,0,2,42002,SYN0027,0,0,0.49988725781440735
CNN,CNN+LR_noCORAL,128Hz_synthetic,0,2,42002,SYN0027,0,0,0.4999885559082031
CNN,CNN+LR_noCORAL,128Hz_synthetic,0,2,42002,SYN0027,0,0,0.4998057782649994
CNN,CNN+LR_withCORAL,128Hz_synthetic,0,2,42002,SYN0002,1,0,0.49971898385772473
CNN,CNN+LR_withCORAL,128Hz_synthetic,0,2,42002,SYN0002,1,1,0.500135756604895
CNN,CNN+LR_withCORAL,128Hz_synthetic,0,2,42002,SYN0002,1,1,0.5001604119688122
CNN,CNN+LR_withCORAL,128Hz_synthetic,0,2,42002,SYN0002,1,1,0.500122445693128
CNN,CNN+LR_withCORAL,128Hz_synthetic,0,2,42002,SYN0006,1,0,0.49997723056517895
CNN,CNN+LR_withCORAL,128Hz_synthetic,0,2,42002,SYN0006,1,1,0.5002469400916068
CNN,CNN+LR_withCORAL,128Hz_synthetic,0,2,42002,SYN0006,1,1,0.500469054685612
CNN,CNN+LR_withCORAL,128Hz_synthetic,0,2,42002,SYN0006,1,0,0.4997801373623182
CNN,CNN+LR_withCORAL,128Hz_synthetic,0,2,42002,SYN0006,1,1,0.5002051119484306
CNN,CNN+LR_withCORAL,128Hz_synthetic,0,2,42002,SYN0008,1,0,0.49992070157055074
CNN,CNN+LR_withCORAL,128Hz_synthetic,0,2,42002,SYN0008,1,0,0.49958609997890685
CNN,CNN+LR_withCORAL,128Hz_synthetic,0,2,42002,SYN0008,1,1,0.5006444032982007
CNN,CNN+LR_withCORAL,128Hz_synthetic,0,2,42002,SYN0008,1,1,0.5001688704092815
CNN,CNN+LR_withCORAL,128Hz_synthetic,0,2,42002,SYN0008,1,1,0.5000952466237584
CNN,CNN+LR_withCORAL,128Hz_synthetic,0,2,42002,SYN0009,1,1,0.5000198514957805
CNN,CNN+LR_withCORAL,128Hz_synthetic,0,2,42002,SYN0009,1,1,0.5002936496022747
CNN,CNN+LR_withCORAL,128Hz_synthetic,0,2,42002,SYN0009,1,0,0.4999223047381406
CNN,CNN+LR_withCORAL,128Hz_synthetic,0,2,42002,SYN0010,1,1,0.5000130049845012
CNN,CNN+LR_withCORAL,128Hz_synthetic,0,2,42002,SYN0010,1,0,0.4998413873877422
CNN,CNN+LR_withCORAL,128Hz_synthetic,0,2,42002,SYN0010,1,1,0.500048757137169
CNN,CNN+LR_withCORAL,128Hz_synthetic,0,2,42002,SYN0010,1,1,0.5000340034487164
CNN,CNN+LR_withCORAL,128Hz_synthetic,0,2,42002,SYN0020,0,0,0.4997990722107256
CNN,CNN+LR_withCORAL,128Hz_synthetic,0,2,42002,SYN0020,0,1,0.5003841681581704
CNN,CNN+LR_withCORAL,128Hz_synthetic,0,2,42002,SYN0020,0,1,0.5005148676419202
CNN,CNN+LR_withCORAL,128Hz_synthetic,0,2,42002,SYN0020,0,0,0.49999340793995356
CNN,CNN+LR_withCORAL,128Hz_synthetic,0,2,42002,SYN0023,0,1,0.5000537378500487
CNN,CNN+LR_withCORAL,128Hz_synthetic,0,2,42002,SYN0023,0,0,0.49962215336030347
CNN,CNN+LR_withCORAL,128Hz_synthetic,0,2,42002,SYN0023,0,1,0.5000431734481691
CNN,CNN+LR_withCORAL,128Hz_synthetic,0,2,42002,SYN0023,0,0,0.49977404654049346
CNN,CNN+LR_withCORAL,128Hz_synthetic,0,2,42002,SYN0023,0,0,0.4998843497826884
CNN,CNN+LR_withCORAL,128Hz_synthetic,0,2,42002,SYN0024,0,1,0.5000728708049543
CNN,CNN+LR_withCORAL,128Hz_synthetic,0,2,42002,SYN0024,0,0,0.4998315121650803
CNN,CNN+LR_withCORAL,128Hz_synthetic,0,2,42002,SYN0024,0,1,0.5002989961191059
CNN,CNN+LR_withCORAL,128Hz_synthetic,0,2,42002,SYN0024,0,0,0.49969189324129293
CNN,CNN+LR_withCORAL,128Hz_synthetic,0,2,42002,SYN0026,0,0,0.4999112019174986
CNN,CNN+LR_withCORAL,128Hz_synthetic,0,2,42002,SYN0026,0,0,0.4994694518506167
CNN,CNN+LR_withCORAL,128Hz_synthetic,0,2,42002,SYN0026,0,1,0.5002055958853655
CNN,CNN+LR_withCORAL,128Hz_synthetic,0,2,42002,SYN0026,0,0,0.49989944797207975
CNN,CNN+LR_withCORAL,128Hz_synthetic,0,2,42002,SYN0026,0,1,0.5000452617828538
CNN,CNN+LR_withCORAL,128Hz_synthetic,0,2,42002,SYN0027,0,1,0.5000541599721459
CNN,CNN+LR_withCORAL,128Hz_synthetic,0,2,42002,SYN0027,0,0,0.4996938509096797
CNN,CNN+LR_withCORAL,128Hz_synthetic,0,2,42002,SYN0027,0,0,0.49992571575502065
CNN,CNN+LR_withCORAL,128Hz_synthetic,0,2,42002,SYN0027,0,1,0.5000216663269217
CNN,CNN+LR_withCORAL,128Hz_synthetic,0,2,42002,SYN0027,0,0,0.4998455062516484
CNN,CNN,128Hz_synthetic,1,0,43000,SYN0004,1,0,0.49499019980430603
CNN,CNN,128Hz_synthetic,1,0,43000,SYN0004,1,0,0.495368629693985
CNN,CNN,128Hz_synthetic,1,0,43000,SYN0004,1,0,0.4947843849658966
CNN,CNN,128Hz_synthetic,1,0,43000,SYN0005,1,0,0.4955594837665558
CNN,CNN,128Hz_synthetic,1,0,43000,SYN0005,1,0,0.4947391450405121
CNN,CNN,128Hz_synthetic,1,0,43000,SYN0005,1,0,0.4949793219566345
CNN,CNN,128Hz_synthetic,1,0,43000,SYN0006,1,0,0.49474456906318665
CNN,CNN,128Hz_synthetic,1,0,43000,SYN0006,1,0,0.4948710799217224
CNN,CNN,128Hz_synthetic,1,0,43000,SYN0006,1,0,0.49510055780410767
CNN,CNN,128Hz_synthetic,1,0,43000,SYN0006,1,0,0.4957829713821411
CNN,CNN,128Hz_synthetic,1,0,43000,SYN0006,1,0,0.4951731562614441
CNN,CNN,128Hz_synthetic,1,0,43000,SYN0007,1,0,0.4949565827846527
CNN,CNN,128Hz_synthetic,1,0,43000,SYN0007,1,0,0.4953502118587494
CNN,CNN,128Hz_synthetic,1,0,43000,SYN0007,1,0,0.4946187138557434
CNN,CNN,128Hz_synthetic,1,0,43000,SYN0013,1,0,0.49500831961631775
CNN,CNN,128Hz_synthetic,1,0,43000,SYN0013,1,0,0.4945695102214813
CNN,CNN,128Hz_synthetic,1,0,43000,SYN0013,1,0,0.49425041675567627
CNN,CNN,128Hz_synthetic,1,0,43000,SYN0013,1,0,0.49533578753471375
CNN,CNN,128Hz_synthetic,1,0,43000,SYN0013,1,0,0.49541881680488586
CNN,CNN,128Hz_synthetic,1,0,43000,SYN0016,0,0,0.4952339828014374
CNN,CNN,128Hz_synthetic,1,0,43000,SYN0016,0,0,0.49463558197021484
CNN,CNN,128Hz_synthetic,1,0,43000,SYN0016,0,0,0.49449801445007324
CNN,CNN,128Hz_synthetic,1,0,43000,SYN0016,0,0,0.49495604634284973
CNN,CNN,128Hz_synthetic,1,0,43000,SYN0016,0,0,0.4955502450466156
CNN,CNN,128Hz_synthetic,1,0,43000,SYN0017,0,0,0.4949326813220978
CNN,CNN,128Hz_synthetic,1,0,43000,SYN0017,0,0,0.4947402775287628
CNN,CNN,128Hz_synthetic,1,0,43000,SYN0017,0,0,0.49424251914024353
CNN,CNN,128Hz_synthetic,1,0,43000,SYN0017,0,0,0.49431437253952026
CNN,CNN,128Hz_synthetic,1,0,43000,SYN0021,0,0,0.49552789330482483
CNN,CNN,128Hz_synthetic,1,0,43000,SYN0021,0,0,0.49466201663017273
CNN,CNN,128Hz_synthetic,1,0,43000,SYN0021,0,0,0.49524685740470886
CNN,CNN,128Hz_synthetic,1,0,43000,SYN0022,0,0,0.4957239031791687
CNN,CNN,128Hz_synthetic,1,0,43000,SYN0022,0,0,0.4953332841396332
CNN,CNN,128Hz_synthetic,1,0,43000,SYN0022,0,0,0.49540475010871887
CNN,CNN,128Hz_synthetic,1,0,43000,SYN0026,0,0,0.49524205923080444
CNN,CNN,128Hz_synthetic,1,0,43000,SYN0026,0,0,0.49517446756362915
CNN,CNN,128Hz_synthetic,1,0,43000,SYN0026,0,0,0.4950540065765381
CNN,CNN,128Hz_synthetic,1,0,43000,SYN0026,0,0,0.49458280205726624
CNN,CNN,128Hz_synthetic,1,0,43000,SYN0026,0,0,0.4942472279071808
CNN,CNN+LR,128Hz_synthetic,1,0,43000,SYN0004,1,1,0.5000288486480713
CNN,CNN+LR,128Hz_synthetic,1,0,43000,SYN0004,1,0,0.49995577335357666
CNN,CNN+LR,128Hz_synthetic,1,0,43000,SYN0004,1,1,0.5000904202461243
CNN,CNN+LR,128Hz_synthetic,1,0,43000,SYN0005,1,0,0.4999866485595703
CNN,CNN+LR,128Hz_synthetic,1,0,43000,SYN0005,1,1,0.5000431537628174
CNN,CNN+LR,128Hz_synthetic,1,0,43000,SYN0005,1,1,0.5000661015510559
CNN,CNN+LR,128Hz_synthetic,1,0,43000,SYN0006,1,1,0.500063419342041
CNN,CNN+LR,128Hz_synthetic,1,0,43000,SYN0006,1,0,0.4998525083065033
CNN,CNN+LR,128Hz_synthetic,1,0,43000,SYN0006,1,1,0.5002918243408203
CNN,CNN+LR,128Hz_synthetic,1,0,43000,SYN0006,1,1,0.5000157356262207
CNN,CNN+LR,128Hz_synthetic,1,0,43000,SYN0006,1,0,0.4999964237213135
CNN,CNN+LR,128Hz_synthetic,1,0,43000,SYN0007,1,0,0.49998295307159424
CNN,CNN+LR,128Hz_synthetic,1,0,43000,SYN0007,1,1,0.5000449419021606
CNN,CNN+LR,128Hz_synthetic,1,0,43000,SYN0007,1,1,0.500137984752655
CNN,CNN+LR,128Hz_synthetic,1,0,43000,SYN0013,1,1,0.5000379085540771
CNN,CNN+LR,128Hz_synthetic,1,0,43000,SYN0013,1,1,0.5000360012054443
CNN,CNN+LR,128Hz_synthetic,1,0,43000,SYN0013,1,1,0.5000423789024353
CNN,CNN+LR,128Hz_synthetic,1,0,43000,SYN0013,1,1,0.5001189708709717
CNN,CNN+LR,128Hz_synthetic,1,0,43000,SYN0013,1,1,0.5000727772712708
CNN,CNN+LR,128Hz_synthetic,1,0,43000,SYN0016,0,1,0.5000563263893127
CNN,CNN+LR,128Hz_synthetic,1,0,43000,SYN0016,0,1,0.5000041127204895
CNN,CNN+LR,128Hz_synthetic,1,0,43000,SYN0016,0,0,0.4998440146446228
CNN,CNN+LR,128Hz_synthetic,1,0,43000,SYN0016,0,1,0.5001054406166077
CNN,CNN+LR,128Hz_synthetic,1,0,43000,SYN0016,0,0,0.4999648332595825
CNN,CNN+LR,128Hz_synthetic,1,0,43000,SYN0017,0,0,0.49995148181915283
CNN,CNN+LR,128Hz_synthetic,1,0,43000,SYN0017,0,1,0.5000436902046204
CNN,CNN+LR,128Hz_synthetic,1,0,43000,SYN0017,0,0,0.49988892674446106
CNN,CNN+LR,128Hz_synthetic,1,0,43000,SYN0017,0,1,0.5000047087669373
CNN,CNN+LR,128Hz_synthetic,1,0,43000,SYN0021,0,1,0.5000313520431519
CNN,CNN+LR,128Hz_synthetic,1,0,43000,SYN0021,0,1,0.5001070499420166
CNN,CNN+LR,128Hz_synthetic,1,0,43000,SYN0021,0,0,0.4999733567237854
CNN,CNN+LR,128Hz_synthetic,1,0,43000,SYN0022,0,1,0.5000437498092651
CNN,CNN+LR,128Hz_synthetic,1,0,43000,SYN0022,0,1,0.5001447200775146
CNN,CNN+LR,128Hz_synthetic,1,0,43000,SYN0022,0,1,0.5000656247138977
CNN,CNN+LR,128Hz_synthetic,1,0,43000,SYN0026,0,1,0.5000087022781372
CNN,CNN+LR,128Hz_synthetic,1,0,43000,SYN0026,0,1,0.5000699758529663
CNN,CNN+LR,128Hz_synthetic,1,0,43000,SYN0026,0,0,0.4999275803565979
CNN,CNN+LR,128Hz_synthetic,1,0,43000,SYN0026,0,0,0.49989190697669983
CNN,CNN+LR,128Hz_synthetic,1,0,43000,SYN0026,0,1,0.5000726580619812
CNN,CNN+LinearSVM,128Hz_synthetic,1,0,43000,SYN0004,1,1,0.5
CNN,CNN+LinearSVM,128Hz_synthetic,1,0,43000,SYN0004,1,0,0.5
CNN,CNN+LinearSVM,128Hz_synthetic,1,0,43000,SYN0004,1,1,0.5
CNN,CNN+LinearSVM,128Hz_synthetic,1,0,43000,SYN0005,1,0,0.5
CNN,CNN+LinearSVM,128Hz_synthetic,1,0,43000,SYN0005,1,1,0.5
CNN,CNN+LinearSVM,128Hz_synthetic,1,0,43000,SYN0005,1,1,0.5
CNN,CNN+LinearSVM,128Hz_synthetic,1,0,43000,SYN0006,1,1,0.5
CNN,CNN+LinearSVM,128Hz_synthetic,1,0,43000,SYN0006,1,0,0.5
CNN,CNN+LinearSVM,128Hz_synthetic,1,0,43000,SYN0006,1,1,0.5
CNN,CNN+LinearSVM,128Hz_synthetic,1,0,43000,SYN0006,1,0,0.5
CNN,CNN+LinearSVM,128Hz_synthetic,1,0,43000,SYN0006,1,0,0.5
CNN,CNN+LinearSVM,128Hz_synthetic,1,0,43000,SYN0007,1,0,0.5
CNN,CNN+LinearSVM,128Hz_synthetic,1,0,43000,SYN0007,1,1,0.5
CNN,CNN+LinearSVM,128Hz_synthetic,1,0,43000,SYN0007,1,1,0.5
CNN,CNN+LinearSVM,128Hz_synthetic,1,0,43000,SYN0013,1,1,0.5
CNN,CNN+LinearSVM,128Hz_synthetic,1,0,43000,SYN0013,1,1,0.5
CNN,CNN+LinearSVM,128Hz_synthetic,1,0,43000,SYN0013,1,1,0.5
CNN,CNN+LinearSVM,128Hz_synthetic,1,0,43000,SYN0013,1,1,0.5
CNN,CNN+LinearSVM,128Hz_synthetic,1,0,43000,SYN0013,1,1,0.5
CNN,CNN+LinearSVM,128Hz_synthetic,1,0,43000,SYN0016,0,1,0.5
CNN,CNN+LinearSVM,128Hz_synthetic,1,0,43000,SYN0016,0,0,0.5
CNN,CNN+LinearSVM,128Hz_synthetic,1,0,43000,SYN0016,0,0,0.5
CNN,CNN+LinearSVM,128Hz_synthetic,1,0,43000,SYN0016,0,1,0.5
CNN,CNN+LinearSVM,128Hz_synthetic,1,0,43000,SYN0016,0,0,0.5
CNN,CNN+LinearSVM,128Hz_synthetic,1,0,43000,SYN0017,0,0,0.5
CNN,CNN+LinearSVM,128Hz_synthetic,1,0,43000,SYN0017,0,1,0.5
CNN,CNN+LinearSVM,128Hz_synthetic,1,0,43000,SYN0017,0,0,0.5
CNN,CNN+LinearSVM,128Hz_synthetic,1,0,43000,SYN0017,0,0,0.5
CNN,CNN+LinearSVM,128Hz_synthetic,1,0,43000,SYN0021,0,1,0.5
CNN,CNN+LinearSVM,128Hz_synthetic,1,0,43000,SYN0021,0,1,0.5
CNN,CNN+LinearSVM,128Hz_synthetic,1,0,43000,SYN0021,0,0,0.5
CNN,CNN+LinearSVM,128Hz_synthetic,1,0,43000,SYN0022,0,1,0.5
CNN,CNN+LinearSVM,128Hz_synthetic,1,0,43000,SYN0022,0,1,0.5
CNN,CNN+LinearSVM,128Hz_synthetic,1,0,43000,SYN0022,0,1,0.5
CNN,CNN+LinearSVM,128Hz_synthetic,1,0,43000,SYN0026,0,0,0.5
CNN,CNN+LinearSVM,128Hz_synthetic,1,0,43000,SYN0026,0,1,0.5
CNN,CNN+LinearSVM,128Hz_synthetic,1,0,43000,SYN0026,0,0,0.5
CNN,CNN+LinearSVM,128Hz_synthetic,1,0,43000,SYN0026,0,0,0.5
CNN,CNN+LinearSVM,128Hz_synthetic,1,0,43000,SYN0026,0,1,0.5
CNN,CNN+NLSVM,128Hz_synthetic,1,0,43000,SYN0004,1,1,0.4732638057848799
CNN,CNN+NLSVM,128Hz_synthetic,1,0,43000,SYN0004,1,0,0.47688726409970345
CNN,CNN+NLSVM,128Hz_synthetic,1,0,43000,SYN0004,1,1,0.470154748802858
CNN,CNN+NLSVM,128Hz_synthetic,1,0,43000,SYN0005,1,0,0.47531557038119593
CNN,CNN+NLSVM,128Hz_synthetic,1,0,43000,SYN0005,1,1,0.4725393100705984
CNN,CNN+NLSVM,128Hz_synthetic,1,0,43000,SYN0005,1,1,0.4713776890551169
CNN,CNN+NLSVM,128Hz_synthetic,1,0,43000,SYN0006,1,1,0.4715421420297289
CNN,CNN+NLSVM,128Hz_synthetic,1,0,43000,SYN0006,1,0,0.48205966082346546
CNN,CNN+NLSVM,128Hz_synthetic,1,0,43000,SYN0006,1,1,0.4601814787639319
CNN,CNN+NLSVM,128Hz_synthetic,1,0,43000,SYN0006,1,0,0.4738844719546739
CNN,CNN+NLSVM,128Hz_synthetic,1,0,43000,SYN0006,1,0,0.4747898640056731
CNN,CNN+NLSVM,128Hz_synthetic,1,0,43000,SYN0007,1,0,0.4755524084327082
CNN,CNN+NLSVM,128Hz_synthetic,1,0,43000,SYN0007,1,1,0.4724735343632958
CNN,CNN+NLSVM,128Hz_synthetic,1,0,43000,SYN0007,1,1,0.4677081159031445
CNN,CNN+NLSVM,128Hz_synthetic,1,0,43000,SYN0013,1,1,0.47276934897282236
CNN,CNN+NLSVM,128Hz_synthetic,1,0,43000,SYN0013,1,1,0.4728635711252571
CNN,CNN+NLSVM,128Hz_synthetic,1,0,43000,SYN0013,1,1,0.4724218691307372
CNN,CNN+NLSVM,128Hz_synthetic,1,0,43000,SYN0013,1,1,0.4687281765587806
CNN,CNN+NLSVM,128Hz_synthetic,1,0,43000,SYN0013,1,1,0.4710380319698387
CNN,CNN+NLSVM,128Hz_synthetic,1,0,43000,SYN0016,0,1,0.4718913124286112
CNN,CNN+NLSVM,128Hz_synthetic,1,0,43000,SYN0016,0,0,0.4744152125405789
CNN,CNN+NLSVM,128Hz_synthetic,1,0,43000,SYN0016,0,0,0.48248267013479734
CNN,CNN+NLSVM,128Hz_synthetic,1,0,43000,SYN0016,0,1,0.4694134290985164
CNN,CNN+NLSVM,128Hz_synthetic,1,0,43000,SYN0016,0,0,0.47636727187510414
CNN,CNN+NLSVM,128Hz_synthetic,1,0,43000,SYN0017,0,0,0.47703932253554543
CNN,CNN+NLSVM,128Hz_synthetic,1,0,43000,SYN0017,0,1,0.4724359557775576
CNN,CNN+NLSVM,128Hz_synthetic,1,0,43000,SYN0017,0,0,0.4802581147993219
CNN,CNN+NLSVM,128Hz_synthetic,1,0,43000,SYN0017,0,0,0.4744250994103645
CNN,CNN+NLSVM,128Hz_synthetic,1,0,43000,SYN0021,0,1,0.4730614829025139
CNN,CNN+NLSVM,128Hz_synthetic,1,0,43000,SYN0021,0,1,0.4693302943381364
CNN,CNN+NLSVM,128Hz_synthetic,1,0,43000,SYN0021,0,0,0.47595341580814343
CNN,CNN+NLSVM,128Hz_synthetic,1,0,43000,SYN0022,0,1,0.47243998949679894
CNN,CNN+NLSVM,128Hz_synthetic,1,0,43000,SYN0022,0,1,0.4674510489002957
CNN,CNN+NLSVM,128Hz_synthetic,1,0,43000,SYN0022,0,1,0.47141696471266137
CNN,CNN+NLSVM,128Hz_synthetic,1,0,43000,SYN0026,0,0,0.47422381404987474
CNN,CNN+NLSVM,128Hz_synthetic,1,0,43000,SYN0026,0,1,0.47118651955941354
CNN,CNN+NLSVM,128Hz_synthetic,1,0,43000,SYN0026,0,0,0.4783307544917998
CNN,CNN+NLSVM,128Hz_synthetic,1,0,43000,SYN0026,0,0,0.48006683301761
CNN,CNN+NLSVM,128Hz_synthetic,1,0,43000,SYN0026,0,1,0.47102165577461347
CNN,CNN+RF,128Hz_synthetic,1,0,43000,SYN0004,1,0,0.47
CNN,CNN+RF,128Hz_synthetic,1,0,43000,SYN0004,1,1,0.55
CNN,CNN+RF,128Hz_synthetic,1,0,43000,SYN0004,1,1,0.82
CNN,CNN+RF,128Hz_synthetic,1,0,43000,SYN0005,1,1,0.54
CNN,CNN+RF,128Hz_synthetic,1,0,43000,SYN0005,1,1,0.78
CNN,CNN+RF,128Hz_synthetic,1,0,43000,SYN0005,1,1,0.67
CNN,CNN+RF,128Hz_synthetic,1,0,43000,SYN0006,1,1,0.66
CNN,CNN+RF,128Hz_synthetic,1,0,43000,SYN0006,1,0,0.21
CNN,CNN+RF,128Hz_synthetic,1,0,43000,SYN0006,1,1,0.82
CNN,CNN+RF,128Hz_synthetic,1,0,43000,SYN0006,1,1,0.59
CNN,CNN+RF,128Hz_synthetic,1,0,43000,SYN0006,1,1,0.54
CNN,CNN+RF,128Hz_synthetic,1,0,43000,SYN0007,1,0,0.42
CNN,CNN+RF,128Hz_synthetic,1,0,43000,SYN0007,1,1,0.63
CNN,CNN+RF,128Hz_synthetic,1,0,43000,SYN0007,1,1,0.6
CNN,CNN+RF,128Hz_synthetic,1,0,43000,SYN0013,1,1,0.65
CNN,CNN+RF,128Hz_synthetic,1,0,43000,SYN0013,1,1,0.65
CNN,CNN+RF,128Hz_synthetic,1,0,43000,SYN0013,1,1,0.55
CNN,CNN+RF,128Hz_synthetic,1,0,43000,SYN0013,1,1,0.65
CNN,CNN+RF,128Hz_synthetic,1,0,43000,SYN0013,1,1,0.67
CNN,CNN+RF,128Hz_synthetic,1,0,43000,SYN0016,0,1,0.56
CNN,CNN+RF,128Hz_synthetic,1,0,43000,SYN0016,0,0,0.49
CNN,CNN+RF,128Hz_synthetic,1,0,43000,SYN0016,0,0,0.34
CNN,CNN+RF,128Hz_synthetic,1,0,43000,SYN0016,0,1,0.72
CNN,CNN+RF,128Hz_synthetic,1,0,43000,SYN0016,0,0,0.47
CNN,CNN+RF,128Hz_synthetic,1,0,43000,SYN0017,0,0,0.47
CNN,CNN+RF,128Hz_synthetic,1,0,43000,SYN0017,0,1,0.55
CNN,CNN+RF,128Hz_synthetic,1,0,43000,SYN0017,0,0,0.32
CNN,CNN+RF,128Hz_synthetic,1,0,43000,SYN0017,0,0,0.43
CNN,CNN+RF,128Hz_synthetic,1,0,43000,SYN0021,0,1,0.57
CNN,CNN+RF,128Hz_synthetic,1,0,43000,SYN0021,0,1,0.69
CNN,CNN+RF,128Hz_synthetic,1,0,43000,SYN0021,0,1,0.53
CNN,CNN+RF,128Hz_synthetic,1,0,43000,SYN0022,0,1,0.62
CNN,CNN+RF,128Hz_synthetic,1,0,43000,SYN0022,0,1,0.79
CNN,CNN+RF,128Hz_synthetic,1,0,43000,SYN0022,0,1,0.62
CNN,CNN+RF,128Hz_synthetic,1,0,43000,SYN0026,0,1,0.57
CNN,CNN+RF,128Hz_synthetic,1,0,43000,SYN0026,0,1,0.68
CNN,CNN+RF,128Hz_synthetic,1,0,43000,SYN0026,0,0,0.36
CNN,CNN+RF,128Hz_synthetic,1,0,43000,SYN0026,0,0,0.33
CNN,CNN+RF,128Hz_synthetic,1,0,43000,SYN0026,0,1,0.63
CNN,CNN+GNB,128Hz_synthetic,1,0,43000,SYN0004,1,0,0.01721225306391716
CNN,CNN+GNB,128Hz_synthetic,1,0,43000,SYN0004,1,0,0.04280141368508339
CNN,CNN+GNB,128Hz_synthetic,1,0,43000,SYN0004,1,0,0.17239005863666534
CNN,CNN+GNB,128Hz_synthetic,1,0,43000,SYN0005,1,0,0.004935909993946552
CNN,CNN+GNB,128Hz_synthetic,1,0,43000,SYN0005,1,0,0.0
CNN,CNN+GNB,128Hz_synthetic,1,0,43000,SYN0005,1,0,0.3001445233821869
CNN,CNN+GNB,128Hz_synthetic,1,0,43000,SYN0006,1,0,0.11191647499799728
CNN,CNN+GNB,128Hz_synthetic,1,0,43000,SYN0006,1,0,4.6473724069073796e-05
CNN,CNN+GNB,128Hz_synthetic,1,0,43000,SYN0006,1,1,0.9993898868560791
CNN,CNN+GNB,128Hz_synthetic,1,0,43000,SYN0006,1,0,0.003321305150166154
CNN,CNN+GNB,128Hz_synthetic,1,0,43000,SYN0006,1,0,0.011359951458871365
CNN,CNN+GNB,128Hz_synthetic,1,0,43000,SYN0007,1,0,0.0021600278560072184
CNN,CNN+GNB,128Hz_synthetic,1,0,43000,SYN0007,1,0,0.039936721324920654
CNN,CNN+GNB,128Hz_synthetic,1,0,43000,SYN0007,1,0,0.0
CNN,CNN+GNB,128Hz_synthetic,1,0,43000,SYN0013,1,0,0.07582822442054749
CNN,CNN+GNB,128Hz_synthetic,1,0,43000,SYN0013,1,0,0.24132011830806732
CNN,CNN+GNB,128Hz_synthetic,1,0,43000,SYN0013,1,0,0.4651283621788025
CNN,CNN+GNB,128Hz_synthetic,1,0,43000,SYN0013,1,0,0.19039957225322723
CNN,CNN+GNB,128Hz_synthetic,1,0,43000,SYN0013,1,0,0.030834347009658813
CNN,CNN+GNB,128Hz_synthetic,1,0,43000,SYN0016,0,0,0.07545887678861618
CNN,CNN+GNB,128Hz_synthetic,1,0,43000,SYN0016,0,0,0.006043175235390663
CNN,CNN+GNB,128Hz_synthetic,1,0,43000,SYN0016,0,0,7.860700134187937e-05
CNN,CNN+GNB,128Hz_synthetic,1,0,43000,SYN0016,0,0,0.09619580209255219
CNN,CNN+GNB,128Hz_synthetic,1,0,43000,SYN0016,0,0,0.0019383644685149193
CNN,CNN+GNB,128Hz_synthetic,1,0,43000,SYN0017,0,0,0.0029037974309176207
CNN,CNN+GNB,128Hz_synthetic,1,0,43000,SYN0017,0,0,0.04716334864497185
CNN,CNN+GNB,128Hz_synthetic,1,0,43000,SYN0017,0,0,0.00012401386629790068
CNN,CNN+GNB,128Hz_synthetic,1,0,43000,SYN0017,0,1,1.0
CNN,CNN+GNB,128Hz_synthetic,1,0,43000,SYN0021,0,0,0.05535197630524635
CNN,CNN+GNB,128Hz_synthetic,1,0,43000,SYN0021,0,0,0.1481928676366806
CNN,CNN+GNB,128Hz_synthetic,1,0,43000,SYN0021,0,0,0.0065194908529520035
CNN,CNN+GNB,128Hz_synthetic,1,0,43000,SYN0022,0,0,0.19733278453350067
CNN,CNN+GNB,128Hz_synthetic,1,0,43000,SYN0022,0,0,0.1418561190366745
CNN,CNN+GNB,128Hz_synthetic,1,0,43000,SYN0022,0,0,0.26785171031951904
CNN,CNN+GNB,128Hz_synthetic,1,0,43000,SYN0026,0,0,0.0047488464042544365
CNN,CNN+GNB,128Hz_synthetic,1,0,43000,SYN0026,0,0,0.02421102300286293
CNN,CNN+GNB,128Hz_synthetic,1,0,43000,SYN0026,0,0,0.00021603642380796373
CNN,CNN+GNB,128Hz_synthetic,1,0,43000,SYN0026,0,0,0.00013512614532373846
CNN,CNN+GNB,128Hz_synthetic,1,0,43000,SYN0026,0,0,0.0
CNN,CNN+KNN,128Hz_synthetic,1,0,43000,SYN0004,1,1,0.8
CNN,CNN+KNN,128Hz_synthetic,1,0,43000,SYN0004,1,0,0.2
CNN,CNN+KNN,128Hz_synthetic,1,0,43000,SYN0004,1,1,0.6
CNN,CNN+KNN,128Hz_synthetic,1,0,43000,SYN0005,1,0,0.4
CNN,CNN+KNN,128Hz_synthetic,1,0,43000,SYN0005,1,1,0.8
CNN,CNN+KNN,128Hz_synthetic,1,0,43000,SYN0005,1,1,0.6
CNN,CNN+KNN,128Hz_synthetic,1,0,43000,SYN0006,1,1,0.8
CNN,CNN+KNN,128Hz_synthetic,1,0,43000,SYN0006,1,0,0.2
CNN,CNN+KNN,128Hz_synthetic,1,0,43000,SYN0006,1,1,0.8
CNN,CNN+KNN,128Hz_synthetic,1,0,43000,SYN0006,1,0,0.2
CNN,CNN+KNN,128Hz_synthetic,1,0,43000,SYN0006,1,1,0.6
CNN,CNN+KNN,128Hz_synthetic,1,0,43000,SYN0007,1,1,0.6
CNN,CNN+KNN,128Hz_synthetic,1,0,43000,SYN0007,1,0,0.4
CNN,CNN+KNN,128Hz_synthetic,1,0,43000,SYN0007,1,1,0.6
CNN,CNN+KNN,128Hz_synthetic,1,0,43000,SYN0013,1,1,0.6
CNN,CNN+KNN,128Hz_synthetic,1,0,43000,SYN0013,1,0,0.2
CNN,CNN+KNN,128Hz_synthetic,1,0,43000,SYN0013,1,1,0.6
CNN,CNN+KNN,128Hz_synthetic,1,0,43000,SYN0013,1,1,0.8
CNN,CNN+KNN,128Hz_synthetic,1,0,43000,SYN0013,1,0,0.4
CNN,CNN+KNN,128Hz_synthetic,1,0,43000,SYN0016,0,0,0.4
CNN,CNN+KNN,128Hz_synthetic,1,0,43000,SYN0016,0,0,0.2
CNN,CNN+KNN,128Hz_synthetic,1,0,43000,SYN0016,0,1,0.6
CNN,CNN+KNN,128Hz_synthetic,1,0,43000,SYN0016,0,1,0.6
CNN,CNN+KNN,128Hz_synthetic,1,0,43000,SYN0016,0,1,0.8
CNN,CNN+KNN,128Hz_synthetic,1,0,43000,SYN0017,0,0,0.2
CNN,CNN+KNN,128Hz_synthetic,1,0,43000,SYN0017,0,0,0.2
CNN,CNN+KNN,128Hz_synthetic,1,0,43000,SYN0017,0,0,0.4
CNN,CNN+KNN,128Hz_synthetic,1,0,43000,SYN0017,0,0,0.2
CNN,CNN+KNN,128Hz_synthetic,1,0,43000,SYN0021,0,1,0.6
CNN,CNN+KNN,128Hz_synthetic,1,0,43000,SYN0021,0,0,0.4
CNN,CNN+KNN,128Hz_synthetic,1,0,43000,SYN0021,0,0,0.4
CNN,CNN+KNN,128Hz_synthetic,1,0,43000,SYN0022,0,1,0.6
CNN,CNN+KNN,128Hz_synthetic,1,0,43000,SYN0022,0,1,0.8
CNN,CNN+KNN,128Hz_synthetic,1,0,43000,SYN0022,0,0,0.4
CNN,CNN+KNN,128Hz_synthetic,1,0,43000,SYN0026,0,1,0.8
CNN,CNN+KNN,128Hz_synthetic,1,0,43000,SYN0026,0,0,0.4
CNN,CNN+KNN,128Hz_synthetic,1,0,43000,SYN0026,0,0,0.2
CNN,CNN+KNN,128Hz_synthetic,1,0,43000,SYN0026,0,0,0.4
CNN,CNN+KNN,128Hz_synthetic,1,0,43000,SYN0026,0,0,0.4
CNN,CNN+LR_noCORAL,128Hz_synthetic,1,0,43000,SYN0004,1,1,0.5000288486480713
CNN,CNN+LR_noCORAL,128Hz_synthetic,1,0,43000,SYN0004,1,0,0.49995577335357666
CNN,CNN+LR_noCORAL,128Hz_synthetic,1,0,43000,SYN0004,1,1,0.5000904202461243
CNN,CNN+LR_noCORAL,128Hz_synthetic,1,0,43000,SYN0005,1,0,0.4999866485595703
CNN,CNN+LR_noCORAL,128Hz_synthetic,1,0,43000,SYN0005,1,1,0.5000431537628174
CNN,CNN+LR_noCORAL,128Hz_synthetic,1,0,43000,SYN0005,1,1,0.5000661015510559
CNN,CNN+LR_noCORAL,128Hz_synthetic,1,0,43000,SYN0006,1,1,0.500063419342041
CNN,CNN+LR_noCORAL,128Hz_synthetic,1,0,43000,SYN0006,1,0,0.4998525083065033
CNN,CNN+LR_noCORAL,128Hz_synthetic,1,0,43000,SYN0006,1,1,0.5002918243408203
CNN,CNN+LR_noCORAL,128Hz_synthetic,1,0,43000,SYN0006,1,1,0.5000157356262207
CNN,CNN+LR_noCORAL,128Hz_synthetic,1,0,43000,SYN0006,1,0,0.4999964237213135
CNN,CNN+LR_noCORAL,128Hz_synthetic,1,0,43000,SYN0007,1,0,0.49998295307159424
CNN,CNN+LR_noCORAL,128Hz_synthetic,1,0,43000,SYN0007,1,1,0.5000449419021606
CNN,CNN+LR_noCORAL,128Hz_synthetic,1,0,43000,SYN0007,1,1,0.500137984752655
CNN,CNN+LR_noCORAL,128Hz_synthetic,1,0,43000,SYN0013,1,1,0.5000379085540771
CNN,CNN+LR_noCORAL,128Hz_synthetic,1,0,43000,SYN0013,1,1,0.5000360012054443
CNN,CNN+LR_noCORAL,128Hz_synthetic,1,0,43000,SYN0013,1,1,0.5000423789024353
CNN,CNN+LR_noCORAL,128Hz_synthetic,1,0,43000,SYN0013,1,1,0.5001189708709717
CNN,CNN+LR_noCORAL,128Hz_synthetic,1,0,43000,SYN0013,1,1,0.5000727772712708
CNN,CNN+LR_noCORAL,128Hz_synthetic,1,0,43000,SYN0016,0,1,0.5000563263893127
CNN,CNN+LR_noCORAL,128Hz_synthetic,1,0,43000,SYN0016,0,1,0.5000041127204895
CNN,CNN+LR_noCORAL,128Hz_synthetic,1,0,43000,SYN0016,0,0,0.4998440146446228
CNN,CNN+LR_noCORAL,128Hz_synthetic,1,0,43000,SYN0016,0,1,0.5001054406166077
CNN,CNN+LR_noCORAL,128Hz_synthetic,1,0,43000,SYN0016,0,0,0.4999648332595825
CNN,CNN+LR_noCORAL,128Hz_synthetic,1,0,43000,SYN0017,0,0,0.49995148181915283
CNN,CNN+LR_noCORAL,128Hz_synthetic,1,0,43000,SYN0017,0,1,0.5000436902046204
CNN,CNN+LR_noCORAL,128Hz_synthetic,1,0,43000,SYN0017,0,0,0.49988892674446106
CNN,CNN+LR_noCORAL,128Hz_synthetic,1,0,43000,SYN0017,0,1,0.5000047087669373
CNN,CNN+LR_noCORAL,128Hz_synthetic,1,0,43000,SYN0021,0,1,0.5000313520431519
CNN,CNN+LR_noCORAL,128Hz_synthetic,1,0,43000,SYN0021,0,1,0.5001070499420166
CNN,CNN+LR_noCORAL,128Hz_synthetic,1,0,43000,SYN0021,0,0,0.4999733567237854
CNN,CNN+LR_noCORAL,128Hz_synthetic,1,0,43000,SYN0022,0,1,0.5000437498092651
CNN,CNN+LR_noCORAL,128Hz_synthetic,1,0,43000,SYN0022,0,1,0.5001447200775146
CNN,CNN+LR_noCORAL,128Hz_synthetic,1,0,43000,SYN0022,0,1,0.5000656247138977
CNN,CNN+LR_noCORAL,128Hz_synthetic,1,0,43000,SYN0026,0,1,0.5000087022781372
CNN,CNN+LR_noCORAL,128Hz_synthetic,1,0,43000,SYN0026,0,1,0.5000699758529663
CNN,CNN+LR_noCORAL,128Hz_synthetic,1,0,43000,SYN0026,0,0,0.4999275803565979
CNN,CNN+LR_noCORAL,128Hz_synthetic,1,0,43000,SYN0026,0,0,0.49989190697669983
CNN,CNN+LR_noCORAL,128Hz_synthetic,1,0,43000,SYN0026,0,1,0.5000726580619812
CNN,CNN+LR_withCORAL,128Hz_synthetic,1,0,43000,SYN0004,1,0,0.4999992281138449
CNN,CNN+LR_withCORAL,128Hz_synthetic,1,0,43000,SYN0004,1,0,0.49992648157061
CNN,CNN+LR_withCORAL,128Hz_synthetic,1,0,43000,SYN0004,1,1,0.5000609409627995
CNN,CNN+LR_withCORAL,128Hz_synthetic,1,0,43000,SYN0005,1,0,0.4999580854996859
CNN,CNN+LR_withCORAL,128Hz_synthetic,1,0,43000,SYN0005,1,1,0.5000140037347393
CNN,CNN+LR_withCORAL,128Hz_synthetic,1,0,43000,SYN0005,1,1,0.5000369894082596
CNN,CNN+LR_withCORAL,128Hz_synthetic,1,0,43000,SYN0006,1,1,0.5000339181595379
CNN,CNN+LR_withCORAL,128Hz_synthetic,1,0,43000,SYN0006,1,0,0.4998233705913952
CNN,CNN+LR_withCORAL,128Hz_synthetic,1,0,43000,SYN0006,1,1,0.5002619805747553
CNN,CNN+LR_withCORAL,128Hz_synthetic,1,0,43000,SYN0006,1,0,0.4999865064310968
CNN,CNN+LR_withCORAL,128Hz_synthetic,1,0,43000,SYN0006,1,0,0.4999678063864913
CNN,CNN+LR_withCORAL,128Hz_synthetic,1,0,43000,SYN0007,1,0,0.4999532145259683
CNN,CNN+LR_withCORAL,128Hz_synthetic,1,0,43000,SYN0007,1,1,0.5000154397423416
CNN,CNN+LR_withCORAL,128Hz_synthetic,1,0,43000,SYN0007,1,1,0.500109545270708
CNN,CNN+LR_withCORAL,128Hz_synthetic,1,0,43000,SYN0013,1,1,0.5000086318763634
CNN,CNN+LR_withCORAL,128Hz_synthetic,1,0,43000,SYN0013,1,1,0.5000072682722578
CNN,CNN+LR_withCORAL,128Hz_synthetic,1,0,43000,SYN0013,1,1,0.5000144553269844
CNN,CNN+LR_withCORAL,128Hz_synthetic,1,0,43000,SYN0013,1,1,0.5000894871835685
CNN,CNN+LR_withCORAL,128Hz_synthetic,1,0,43000,SYN0013,1,1,0.50004402517281
CNN,CNN+LR_withCORAL,128Hz_synthetic,1,0,43000,SYN0016,0,1,0.500026947930706
CNN,CNN+LR_withCORAL,128Hz_synthetic,1,0,43000,SYN0016,0,0,0.49997535570027624
CNN,CNN+LR_withCORAL,128Hz_synthetic,1,0,43000,SYN0016,0,0,0.49981507057725155
CNN,CNN+LR_withCORAL,128Hz_synthetic,1,0,43000,SYN0016,0,1,0.5000765690012111
CNN,CNN+LR_withCORAL,128Hz_synthetic,1,0,43000,SYN0016,0,0,0.49993573372342437
CNN,CNN+LR_withCORAL,128Hz_synthetic,1,0,43000,SYN0017,0,0,0.4999230086331853
CNN,CNN+LR_withCORAL,128Hz_synthetic,1,0,43000,SYN0017,0,1,0.5000149108704898
CNN,CNN+LR_withCORAL,128Hz_synthetic,1,0,43000,SYN0017,0,0,0.49985963831740043
CNN,CNN+LR_withCORAL,128Hz_synthetic,1,0,43000,SYN0017,0,0,0.4999757602246626
CNN,CNN+LR_withCORAL,128Hz_synthetic,1,0,43000,SYN0021,0,1,0.5000025215294647
CNN,CNN+LR_withCORAL,128Hz_synthetic,1,0,43000,SYN0021,0,1,0.5000777725475153
CNN,CNN+LR_withCORAL,128Hz_synthetic,1,0,43000,SYN0021,0,0,0.49994472688024344
CNN,CNN+LR_withCORAL,128Hz_synthetic,1,0,43000,SYN0022,0,1,0.5000150836839717
CNN,CNN+LR_withCORAL,128Hz_synthetic,1,0,43000,SYN0022,0,1,0.5001156571291258
CNN,CNN+LR_withCORAL,128Hz_synthetic,1,0,43000,SYN0022,0,1,0.5000368970000979
CNN,CNN+LR_withCORAL,128Hz_synthetic,1,0,43000,SYN0026,0,0,0.4999799030795395
CNN,CNN+LR_withCORAL,128Hz_synthetic,1,0,43000,SYN0026,0,1,0.5000407612718646
CNN,CNN+LR_withCORAL,128Hz_synthetic,1,0,43000,SYN0026,0,0,0.4998983842550557
CNN,CNN+LR_withCORAL,128Hz_synthetic,1,0,43000,SYN0026,0,0,0.49986271681040445
CNN,CNN+LR_withCORAL,128Hz_synthetic,1,0,43000,SYN0026,0,1,0.5000431903201221
CNN,CNN,128Hz_synthetic,1,1,43001,SYN0000,1,0,0.49715009331703186
CNN,CNN,128Hz_synthetic,1,1,43001,SYN0000,1,1,0.50139981508255
CNN,CNN,128Hz_synthetic,1,1,43001,SYN0000,1,0,0.49705421924591064
CNN,CNN,128Hz_synthetic,1,1,43001,SYN0000,1,1,0.5034375190734863
CNN,CNN,128Hz_synthetic,1,1,43001,SYN0000,1,0,0.49876829981803894
CNN,CNN,128Hz_synthetic,1,1,43001,SYN0001,1,0,0.49502742290496826
CNN,CNN,128Hz_synthetic,1,1,43001,SYN0001,1,0,0.4989255368709564
CNN,CNN,128Hz_synthetic,1,1,43001,SYN0001,1,0,0.4990414083003998
CNN,CNN,128Hz_synthetic,1,1,43001,SYN0001,1,1,0.5006656050682068
CNN,CNN,128Hz_synthetic,1,1,43001,SYN0008,1,1,0.5003511905670166
CNN,CNN,128Hz_synthetic,1,1,43001,SYN0008,1,0,0.4981071650981903
CNN,CNN,128Hz_synthetic,1,1,43001,SYN0008,1,0,0.4973510801792145
CNN,CNN,128Hz_synthetic,1,1,43001,SYN0008,1,0,0.49552059173583984
CNN,CNN,128Hz_synthetic,1,1,43001,SYN0008,1,1,0.5005992650985718
CNN,CNN,128Hz_synthetic,1,1,43001,SYN0009,1,0,0.4970155656337738
CNN,CNN,128Hz_synthetic,1,1,43001,SYN0009,1,0,0.497859925031662
CNN,CNN,128Hz_synthetic,1,1,43001,SYN0009,1,1,0.5010703206062317
CNN,CNN,128Hz_synthetic,1,1,43001,SYN0010,1,1,0.5013974905014038
CNN,CNN,128Hz_synthetic,1,1,43001,SYN0010,1,0,0.4997604787349701
CNN,CNN,128Hz_synthetic,1,1,43001,SYN0010,1,0,0.4961899518966675
CNN,CNN,128Hz_synthetic,1,1,43001,SYN0010,1,0,0.4957692623138428
CNN,CNN,128Hz_synthetic,1,1,43001,SYN0015,0,0,0.4966886043548584
CNN,CNN,128Hz_synthetic,1,1,43001,SYN0015,0,1,0.5029298067092896
CNN,CNN,128Hz_synthetic,1,1,43001,SYN0015,0,0,0.495482861995697
CNN,CNN,128Hz_synthetic,1,1,43001,SYN0023,0,0,0.49891015887260437
CNN,CNN,128Hz_synthetic,1,1,43001,SYN0023,0,0,0.4966074824333191
CNN,CNN,128Hz_synthetic,1,1,43001,SYN0023,0,0,0.49645960330963135
CNN,CNN,128Hz_synthetic,1,1,43001,SYN0023,0,0,0.49891605973243713
CNN,CNN,128Hz_synthetic,1,1,43001,SYN0023,0,0,0.4939892590045929
CNN,CNN,128Hz_synthetic,1,1,43001,SYN0024,0,0,0.49927738308906555
CNN,CNN,128Hz_synthetic,1,1,43001,SYN0024,0,0,0.4964647889137268
CNN,CNN,128Hz_synthetic,1,1,43001,SYN0024,0,1,0.5036535263061523
CNN,CNN,128Hz_synthetic,1,1,43001,SYN0024,0,0,0.49870553612709045
CNN,CNN,128Hz_synthetic,1,1,43001,SYN0025,0,0,0.49617499113082886
CNN,CNN,128Hz_synthetic,1,1,43001,SYN0025,0,0,0.49633845686912537
CNN,CNN,128Hz_synthetic,1,1,43001,SYN0025,0,0,0.49792513251304626
CNN,CNN,128Hz_synthetic,1,1,43001,SYN0025,0,0,0.49965348839759827
CNN,CNN,128Hz_synthetic,1,1,43001,SYN0029,0,0,0.4970536231994629
CNN,CNN,128Hz_synthetic,1,1,43001,SYN0029,0,0,0.4999365210533142
CNN,CNN,128Hz_synthetic,1,1,43001,SYN0029,0,0,0.4958336651325226
CNN,CNN+LR,128Hz_synthetic,1,1,43001,SYN0000,1,0,0.4991287291049957
CNN,CNN+LR,128Hz_synthetic,1,1,43001,SYN0000,1,1,0.5012855529785156
CNN,CNN+LR,128Hz_synthetic,1,1,43001,SYN0000,1,1,0.5009767413139343
CNN,CNN+LR,128Hz_synthetic,1,1,43001,SYN0000,1,1,0.5007324814796448
CNN,CNN+LR,128Hz_synthetic,1,1,43001,SYN0000,1,1,0.5003063678741455
CNN,CNN+LR,128Hz_synthetic,1,1,43001,SYN0001,1,0,0.49822792410850525
CNN,CNN+LR,128Hz_synthetic,1,1,43001,SYN0001,1,1,0.5009340047836304
CNN,CNN+LR,128Hz_synthetic,1,1,43001,SYN0001,1,0,0.4994533061981201
CNN,CNN+LR,128Hz_synthetic,1,1,43001,SYN0001,1,1,0.5007722973823547
CNN,CNN+LR,128Hz_synthetic,1,1,43001,SYN0008,1,1,0.5009164214134216
CNN,CNN+LR,128Hz_synthetic,1,1,43001,SYN0008,1,1,0.5002872943878174
CNN,CNN+LR,128Hz_synthetic,1,1,43001,SYN0008,1,0,0.499154269695282
CNN,CNN+LR,128Hz_synthetic,1,1,43001,SYN0008,1,0,0.4986572563648224
CNN,CNN+LR,128Hz_synthetic,1,1,43001,SYN0008,1,1,0.5007107853889465
CNN,CNN+LR,128Hz_synthetic,1,1,43001,SYN0009,1,1,0.5004845261573792
CNN,CNN+LR,128Hz_synthetic,1,1,43001,SYN0009,1,0,0.4995998442173004
CNN,CNN+LR,128Hz_synthetic,1,1,43001,SYN0009,1,1,0.501046895980835
CNN,CNN+LR,128Hz_synthetic,1,1,43001,SYN0010,1,1,0.502305805683136
CNN,CNN+LR,128Hz_synthetic,1,1,43001,SYN0010,1,1,0.5002913475036621
CNN,CNN+LR,128Hz_synthetic,1,1,43001,SYN0010,1,0,0.4985502064228058
CNN,CNN+LR,128Hz_synthetic,1,1,43001,SYN0010,1,0,0.4988654553890228
CNN,CNN+LR,128Hz_synthetic,1,1,43001,SYN0015,0,0,0.49902912974357605
CNN,CNN+LR,128Hz_synthetic,1,1,43001,SYN0015,0,1,0.501571536064148
CNN,CNN+LR,128Hz_synthetic,1,1,43001,SYN0015,0,0,0.49809107184410095
CNN,CNN+LR,128Hz_synthetic,1,1,43001,SYN0023,0,0,0.4997122287750244
CNN,CNN+LR,128Hz_synthetic,1,1,43001,SYN0023,0,0,0.4988570213317871
CNN,CNN+LR,128Hz_synthetic,1,1,43001,SYN0023,0,0,0.49782079458236694
CNN,CNN+LR,128Hz_synthetic,1,1,43001,SYN0023,0,1,0.5011776089668274
CNN,CNN+LR,128Hz_synthetic,1,1,43001,SYN0023,0,0,0.49788710474967957
CNN,CNN+LR,128Hz_synthetic,1,1,43001,SYN0024,0,0,0.49931222200393677
CNN,CNN+LR,128Hz_synthetic,1,1,43001,SYN0024,0,0,0.49902841448783875
CNN,CNN+LR,128Hz_synthetic,1,1,43001,SYN0024,0,1,0.5013988614082336
CNN,CNN+LR,128Hz_synthetic,1,1,43001,SYN0024,0,0,0.49890103936195374
CNN,CNN+LR,128Hz_synthetic,1,1,43001,SYN0025,0,0,0.49846965074539185
CNN,CNN+LR,128Hz_synthetic,1,1,43001,SYN0025,0,0,0.49923524260520935
CNN,CNN+LR,128Hz_synthetic,1,1,43001,SYN0025,0,1,0.5007161498069763
CNN,CNN+LR,128Hz_synthetic,1,1,43001,SYN0025,0,1,0.500386655330658
CNN,CNN+LR,128Hz_synthetic,1,1,43001,SYN0029,0,0,0.4985976219177246
CNN,CNN+LR,128Hz_synthetic,1,1,43001,SYN0029,0,1,0.5009429454803467
CNN,CNN+LR,128Hz_synthetic,1,1,43001,SYN0029,0,0,0.499520868062973
CNN,CNN+LinearSVM,128Hz_synthetic,1,1,43001,SYN0000,1,1,0.3382440184853928
CNN,CNN+LinearSVM,128Hz_synthetic,1,1,43001,SYN0000,1,1,0.3363773484173216
CNN,CNN+LinearSVM,128Hz_synthetic,1,1,43001,SYN0000,1,1,0.3366101155201436
CNN,CNN+LinearSVM,128Hz_synthetic,1,1,43001,SYN0000,1,1,0.3368643749124898
CNN,CNN+LinearSVM,128Hz_synthetic,1,1,43001,SYN0000,1,1,0.3372314679702286
CNN,CNN+LinearSVM,128Hz_synthetic,1,1,43001,SYN0001,1,1,0.3390161351888174
CNN,CNN+LinearSVM,128Hz_synthetic,1,1,43001,SYN0001,1,1,0.3366680652255401
CNN,CNN+LinearSVM,128Hz_synthetic,1,1,43001,SYN0001,1,1,0.33794413274766955
CNN,CNN+LinearSVM,128Hz_synthetic,1,1,43001,SYN0001,1,1,0.33681229327275086
CNN,CNN+LinearSVM,128Hz_synthetic,1,1,43001,SYN0008,1,1,0.33671139010626405
CNN,CNN+LinearSVM,128Hz_synthetic,1,1,43001,SYN0008,1,1,0.3372067130224224
CNN,CNN+LinearSVM,128Hz_synthetic,1,1,43001,SYN0008,1,1,0.3382192448657098
CNN,CNN+LinearSVM,128Hz_synthetic,1,1,43001,SYN0008,1,1,0.3386408802768791
CNN,CNN+LinearSVM,128Hz_synthetic,1,1,43001,SYN0008,1,1,0.3368499517807694
CNN,CNN+LinearSVM,128Hz_synthetic,1,1,43001,SYN0009,1,1,0.33704191937364
CNN,CNN+LinearSVM,128Hz_synthetic,1,1,43001,SYN0009,1,1,0.3378181929025557
CNN,CNN+LinearSVM,128Hz_synthetic,1,1,43001,SYN0009,1,1,0.3365994600271957
CNN,CNN+LinearSVM,128Hz_synthetic,1,1,43001,SYN0010,1,1,0.3354804614413934
CNN,CNN+LinearSVM,128Hz_synthetic,1,1,43001,SYN0010,1,1,0.3372471079700142
CNN,CNN+LinearSVM,128Hz_synthetic,1,1,43001,SYN0010,1,1,0.33874321381635364
CNN,CNN+LinearSVM,128Hz_synthetic,1,1,43001,SYN0010,1,1,0.33845861876840466
CNN,CNN+LinearSVM,128Hz_synthetic,1,1,43001,SYN0015,0,1,0.33833758593327334
CNN,CNN+LinearSVM,128Hz_synthetic,1,1,43001,SYN0015,0,1,0.33612672595379267
CNN,CNN+LinearSVM,128Hz_synthetic,1,1,43001,SYN0015,0,1,0.33912239793592985
CNN,CNN+LinearSVM,128Hz_synthetic,1,1,43001,SYN0023,0,1,0.3377214260637943
CNN,CNN+LinearSVM,128Hz_synthetic,1,1,43001,SYN0023,0,1,0.33848385582507884
CNN,CNN+LinearSVM,128Hz_synthetic,1,1,43001,SYN0023,0,1,0.3394025815408749
CNN,CNN+LinearSVM,128Hz_synthetic,1,1,43001,SYN0023,0,1,0.3364745101290588
CNN,CNN+LinearSVM,128Hz_synthetic,1,1,43001,SYN0023,0,1,0.33931266279024563
CNN,CNN+LinearSVM,128Hz_synthetic,1,1,43001,SYN0024,0,1,0.33806843777927165
CNN,CNN+LinearSVM,128Hz_synthetic,1,1,43001,SYN0024,0,1,0.33833217391150455
CNN,CNN+LinearSVM,128Hz_synthetic,1,1,43001,SYN0024,0,1,0.33627518645029025
CNN,CNN+LinearSVM,128Hz_synthetic,1,1,43001,SYN0024,0,1,0.33842447127773784
CNN,CNN+LinearSVM,128Hz_synthetic,1,1,43001,SYN0025,0,1,0.33879011931927944
CNN,CNN+LinearSVM,128Hz_synthetic,1,1,43001,SYN0025,0,1,0.33815444827309965
CNN,CNN+LinearSVM,128Hz_synthetic,1,1,43001,SYN0025,0,1,0.33689412573653765
CNN,CNN+LinearSVM,128Hz_synthetic,1,1,43001,SYN0025,0,1,0.3371472046616585
CNN,CNN+LinearSVM,128Hz_synthetic,1,1,43001,SYN0029,0,1,0.3387137113333754
CNN,CNN+LinearSVM,128Hz_synthetic,1,1,43001,SYN0029,0,1,0.336666231647023
CNN,CNN+LinearSVM,128Hz_synthetic,1,1,43001,SYN0029,0,1,0.337890540691461
CNN,CNN+NLSVM,128Hz_synthetic,1,1,43001,SYN0000,1,1,0.3051623549120036
CNN,CNN+NLSVM,128Hz_synthetic,1,1,43001,SYN0000,1,1,0.26959337006030853
CNN,CNN+NLSVM,128Hz_synthetic,1,1,43001,SYN0000,1,1,0.27392115197858313
CNN,CNN+NLSVM,128Hz_synthetic,1,1,43001,SYN0000,1,1,0.27872669604673656
CNN,CNN+NLSVM,128Hz_synthetic,1,1,43001,SYN0000,1,1,0.2855498553648906
CNN,CNN+NLSVM,128Hz_synthetic,1,1,43001,SYN0001,1,1,0.32063430808800214
CNN,CNN+NLSVM,128Hz_synthetic,1,1,43001,SYN0001,1,1,0.2749798703605655
CNN,CNN+NLSVM,128Hz_synthetic,1,1,43001,SYN0001,1,1,0.2993962125411404
CNN,CNN+NLSVM,128Hz_synthetic,1,1,43001,SYN0001,1,1,0.2776204955502337
CNN,CNN+NLSVM,128Hz_synthetic,1,1,43001,SYN0008,1,1,0.2758343128259586
CNN,CNN+NLSVM,128Hz_synthetic,1,1,43001,SYN0008,1,1,0.28516667412256214
CNN,CNN+NLSVM,128Hz_synthetic,1,1,43001,SYN0008,1,1,0.3047464568844096
CNN,CNN+NLSVM,128Hz_synthetic,1,1,43001,SYN0008,1,1,0.31311178500598014
CNN,CNN+NLSVM,128Hz_synthetic,1,1,43001,SYN0008,1,1,0.2784440549885931
CNN,CNN+NLSVM,128Hz_synthetic,1,1,43001,SYN0009,1,1,0.2820526177894223
CNN,CNN+NLSVM,128Hz_synthetic,1,1,43001,SYN0009,1,1,0.296991708779746
CNN,CNN+NLSVM,128Hz_synthetic,1,1,43001,SYN0009,1,1,0.273830618288193
CNN,CNN+NLSVM,128Hz_synthetic,1,1,43001,SYN0010,1,1,0.2535135949502518
CNN,CNN+NLSVM,128Hz_synthetic,1,1,43001,SYN0010,1,1,0.2860989502251302
CNN,CNN+NLSVM,128Hz_synthetic,1,1,43001,SYN0010,1,1,0.3152473829661332
CNN,CNN+NLSVM,128Hz_synthetic,1,1,43001,SYN0010,1,1,0.30958080563823687
CNN,CNN+NLSVM,128Hz_synthetic,1,1,43001,SYN0015,0,1,0.3069734206238666
CNN,CNN+NLSVM,128Hz_synthetic,1,1,43001,SYN0015,0,1,0.2649323048840862
CNN,CNN+NLSVM,128Hz_synthetic,1,1,43001,SYN0015,0,1,0.3228625761120207
CNN,CNN+NLSVM,128Hz_synthetic,1,1,43001,SYN0023,0,1,0.2950699146945336
CNN,CNN+NLSVM,128Hz_synthetic,1,1,43001,SYN0023,0,1,0.31000236409479054
CNN,CNN+NLSVM,128Hz_synthetic,1,1,43001,SYN0023,0,1,0.33190207108152964
CNN,CNN+NLSVM,128Hz_synthetic,1,1,43001,SYN0023,0,1,0.27139634400513024
CNN,CNN+NLSVM,128Hz_synthetic,1,1,43001,SYN0023,0,1,0.3304188139977773
CNN,CNN+NLSVM,128Hz_synthetic,1,1,43001,SYN0024,0,1,0.3017834401912522
CNN,CNN+NLSVM,128Hz_synthetic,1,1,43001,SYN0024,0,1,0.30694403966291656
CNN,CNN+NLSVM,128Hz_synthetic,1,1,43001,SYN0024,0,1,0.26780151679147013
CNN,CNN+NLSVM,128Hz_synthetic,1,1,43001,SYN0024,0,1,0.3088371671545801
CNN,CNN+NLSVM,128Hz_synthetic,1,1,43001,SYN0025,0,1,0.31590603702059666
CNN,CNN+NLSVM,128Hz_synthetic,1,1,43001,SYN0025,0,1,0.3032341469547864
CNN,CNN+NLSVM,128Hz_synthetic,1,1,43001,SYN0025,0,1,0.2792572666031737
CNN,CNN+NLSVM,128Hz_synthetic,1,1,43001,SYN0025,0,1,0.2838149651593285
CNN,CNN+NLSVM,128Hz_synthetic,1,1,43001,SYN0029,0,1,0.31444230638134724
CNN,CNN+NLSVM,128Hz_synthetic,1,1,43001,SYN0029,0,1,0.27502030525509424
CNN,CNN+NLSVM,128Hz_synthetic,1,1,43001,SYN0029,0,1,0.2983590265426743
CNN,CNN+RF,128Hz_synthetic,1,1,43001,SYN0000,1,1,0.53
CNN,CNN+RF,128Hz_synthetic,1,1,43001,SYN0000,1,1,0.82
CNN,CNN+RF,128Hz_synthetic,1,1,43001,SYN0000,1,1,0.59
CNN,CNN+RF,128Hz_synthetic,1,1,43001,SYN0000,1,1,0.7
CNN,CNN+RF,128Hz_synthetic,1,1,43001,SYN0000,1,1,0.59
CNN,CNN+RF,128Hz_synthetic,1,1,43001,SYN0001,1,0,0.24
CNN,CNN+RF,128Hz_synthetic,1,1,43001,SYN0001,1,1,0.72
CNN,CNN+RF,128Hz_synthetic,1,1,43001,SYN0001,1,0,0.36
CNN,CNN+RF,128Hz_synthetic,1,1,43001,SYN0001,1,1,0.67
CNN,CNN+RF,128Hz_synthetic,1,1,43001,SYN0008,1,1,0.59
CNN,CNN+RF,128Hz_synthetic,1,1,43001,SYN0008,1,0,0.48
CNN,CNN+RF,128Hz_synthetic,1,1,43001,SYN0008,1,0,0.35
CNN,CNN+RF,128Hz_synthetic,1,1,43001,SYN0008,1,0,0.3
CNN,CNN+RF,128Hz_synthetic,1,1,43001,SYN0008,1,0,0.35
CNN,CNN+RF,128Hz_synthetic,1,1,43001,SYN0009,1,1,0.6
CNN,CNN+RF,128Hz_synthetic,1,1,43001,SYN0009,1,0,0.44
CNN,CNN+RF,128Hz_synthetic,1,1,43001,SYN0009,1,1,0.62
CNN,CNN+RF,128Hz_synthetic,1,1,43001,SYN0010,1,1,0.71
CNN,CNN+RF,128Hz_synthetic,1,1,43001,SYN0010,1,0,0.45
CNN,CNN+RF,128Hz_synthetic,1,1,43001,SYN0010,1,0,0.26
CNN,CNN+RF,128Hz_synthetic,1,1,43001,SYN0010,1,0,0.21
CNN,CNN+RF,128Hz_synthetic,1,1,43001,SYN0015,0,0,0.34
CNN,CNN+RF,128Hz_synthetic,1,1,43001,SYN0015,0,1,0.67
CNN,CNN+RF,128Hz_synthetic,1,1,43001,SYN0015,0,0,0.23
CNN,CNN+RF,128Hz_synthetic,1,1,43001,SYN0023,0,1,0.54
CNN,CNN+RF,128Hz_synthetic,1,1,43001,SYN0023,0,0,0.34
CNN,CNN+RF,128Hz_synthetic,1,1,43001,SYN0023,0,0,0.2
CNN,CNN+RF,128Hz_synthetic,1,1,43001,SYN0023,0,1,0.65
CNN,CNN+RF,128Hz_synthetic,1,1,43001,SYN0023,0,0,0.22
CNN,CNN+RF,128Hz_synthetic,1,1,43001,SYN0024,0,0,0.45
CNN,CNN+RF,128Hz_synthetic,1,1,43001,SYN0024,0,1,0.51
CNN,CNN+RF,128Hz_synthetic,1,1,43001,SYN0024,0,1,0.62
CNN,CNN+RF,128Hz_synthetic,1,1,43001,SYN0024,0,0,0.39
CNN,CNN+RF,128Hz_synthetic,1,1,43001,SYN0025,0,0,0.42
CNN,CNN+RF,128Hz_synthetic,1,1,43001,SYN0025,0,1,0.51
CNN,CNN+RF,128Hz_synthetic,1,1,43001,SYN0025,0,1,0.65
CNN,CNN+RF,128Hz_synthetic,1,1,43001,SYN0025,0,1,0.62
CNN,CNN+RF,128Hz_synthetic,1,1,43001,SYN0029,0,0,0.42
CNN,CNN+RF,128Hz_synthetic,1,1,43001,SYN0029,0,1,0.6
CNN,CNN+RF,128Hz_synthetic,1,1,43001,SYN0029,0,0,0.49
CNN,CNN+GNB,128Hz_synthetic,1,1,43001,SYN0000,1,1,0.9589943289756775
CNN,CNN+GNB,128Hz_synthetic,1,1,43001,SYN0000,1,1,0.9999390244483948
CNN,CNN+GNB,128Hz_synthetic,1,1,43001,SYN0000,1,1,0.9999083876609802
CNN,CNN+GNB,128Hz_synthetic,1,1,43001,SYN0000,1,1,1.0
CNN,CNN+GNB,128Hz_synthetic,1,1,43001,SYN0000,1,1,0.9999390244483948
CNN,CNN+GNB,128Hz_synthetic,1,1,43001,SYN0001,1,0,0.07546348124742508
CNN,CNN+GNB,128Hz_synthetic,1,1,43001,SYN0001,1,1,1.0
CNN,CNN+GNB,128Hz_synthetic,1,1,43001,SYN0001,1,1,0.9727891683578491
CNN,CNN+GNB,128Hz_synthetic,1,1,43001,SYN0001,1,1,1.0
CNN,CNN+GNB,128Hz_synthetic,1,1,43001,SYN0008,1,1,1.0
CNN,CNN+GNB,128Hz_synthetic,1,1,43001,SYN0008,1,1,0.9995728135108948
CNN,CNN+GNB,128Hz_synthetic,1,1,43001,SYN0008,1,1,0.9447606205940247
CNN,CNN+GNB,128Hz_synthetic,1,1,43001,SYN0008,1,0,0.0
CNN,CNN+GNB,128Hz_synthetic,1,1,43001,SYN0008,1,1,0.9996033310890198
CNN,CNN+GNB,128Hz_synthetic,1,1,43001,SYN0009,1,1,0.999969482421875
CNN,CNN+GNB,128Hz_synthetic,1,1,43001,SYN0009,1,1,0.908595085144043
CNN,CNN+GNB,128Hz_synthetic,1,1,43001,SYN0009,1,1,0.999969482421875
CNN,CNN+GNB,128Hz_synthetic,1,1,43001,SYN0010,1,1,1.0
CNN,CNN+GNB,128Hz_synthetic,1,1,43001,SYN0010,1,1,0.9211869239807129
CNN,CNN+GNB,128Hz_synthetic,1,1,43001,SYN0010,1,1,0.719723641872406
CNN,CNN+GNB,128Hz_synthetic,1,1,43001,SYN0010,1,1,0.7572621703147888
CNN,CNN+GNB,128Hz_synthetic,1,1,43001,SYN0015,0,1,0.999969482421875
CNN,CNN+GNB,128Hz_synthetic,1,1,43001,SYN0015,0,1,1.0
CNN,CNN+GNB,128Hz_synthetic,1,1,43001,SYN0015,0,0,0.0
CNN,CNN+GNB,128Hz_synthetic,1,1,43001,SYN0023,0,1,0.9953417181968689
CNN,CNN+GNB,128Hz_synthetic,1,1,43001,SYN0023,0,1,0.8406208157539368
CNN,CNN+GNB,128Hz_synthetic,1,1,43001,SYN0023,0,0,0.022725418210029602
CNN,CNN+GNB,128Hz_synthetic,1,1,43001,SYN0023,0,1,1.0
CNN,CNN+GNB,128Hz_synthetic,1,1,43001,SYN0023,0,0,0.042267926037311554
CNN,CNN+GNB,128Hz_synthetic,1,1,43001,SYN0024,0,1,0.9988714456558228
CNN,CNN+GNB,128Hz_synthetic,1,1,43001,SYN0024,0,1,0.9996339082717896
CNN,CNN+GNB,128Hz_synthetic,1,1,43001,SYN0024,0,1,1.0
CNN,CNN+GNB,128Hz_synthetic,1,1,43001,SYN0024,0,1,0.9528099298477173
CNN,CNN+GNB,128Hz_synthetic,1,1,43001,SYN0025,0,1,0.884249210357666
CNN,CNN+GNB,128Hz_synthetic,1,1,43001,SYN0025,0,1,0.999969482421875
CNN,CNN+GNB,128Hz_synthetic,1,1,43001,SYN0025,0,1,0.9999390244483948
CNN,CNN+GNB,128Hz_synthetic,1,1,43001,SYN0025,0,1,1.0
CNN,CNN+GNB,128Hz_synthetic,1,1,43001,SYN0029,0,1,0.9844964146614075
CNN,CNN+GNB,128Hz_synthetic,1,1,43001,SYN0029,0,1,1.0
CNN,CNN+GNB,128Hz_synthetic,1,1,43001,SYN0029,0,1,0.997835636138916
CNN,CNN+KNN,128Hz_synthetic,1,1,43001,SYN0000,1,1,0.6
CNN,CNN+KNN,128Hz_synthetic,1,1,43001,SYN0000,1,1,0.8
CNN,CNN+KNN,128Hz_synthetic,1,1,43001,SYN0000,1,1,0.6
CNN,CNN+KNN,128Hz_synthetic,1,1,43001,SYN0000,1,1,0.6
CNN,CNN+KNN,128Hz_synthetic,1,1,43001,SYN0000,1,1,0.8
CNN,CNN+KNN,128Hz_synthetic,1,1,43001,SYN0001,1,0,0.0
CNN,CNN+KNN,128Hz_synthetic,1,1,43001,SYN0001,1,1,0.8
CNN,CNN+KNN,128Hz_synthetic,1,1,43001,SYN0001,1,0,0.4
CNN,CNN+KNN,128Hz_synthetic,1,1,43001,SYN0001,1,1,0.8
CNN,CNN+KNN,128Hz_synthetic,1,1,43001,SYN0008,1,1,0.6
CNN,CNN+KNN,128Hz_synthetic,1,1,43001,SYN0008,1,0,0.4
CNN,CNN+KNN,128Hz_synthetic,1,1,43001,SYN0008,1,0,0.4
CNN,CNN+KNN,128Hz_synthetic,1,1,43001,SYN0008,1,0,0.4
CNN,CNN+KNN,128Hz_synthetic,1,1,43001,SYN0008,1,0,0.4
CNN,CNN+KNN,128Hz_synthetic,1,1,43001,SYN0009,1,1,0.6
CNN,CNN+KNN,128Hz_synthetic,1,1,43001,SYN0009,1,0,0.2
CNN,CNN+KNN,128Hz_synthetic,1,1,43001,SYN0009,1,1,0.6
CNN,CNN+KNN,128Hz_synthetic,1,1,43001,SYN0010,1,1,0.8
CNN,CNN+KNN,128Hz_synthetic,1,1,43001,SYN0010,1,0,0.0
CNN,CNN+KNN,128Hz_synthetic,1,1,43001,SYN0010,1,0,0.4
CNN,CNN+KNN,128Hz_synthetic,1,1,43001,SYN0010,1,1,0.6
CNN,CNN+KNN,128Hz_synthetic,1,1,43001,SYN0015,0,0,0.4
CNN,CNN+KNN,128Hz_synthetic,1,1,43001,SYN0015,0,1,0.8
CNN,CNN+KNN,128Hz_synthetic,1,1,43001,SYN0015,0,0,0.2
CNN,CNN+KNN,128Hz_synthetic,1,1,43001,SYN0023,0,0,0.4
CNN,CNN+KNN,128Hz_synthetic,1,1,43001,SYN0023,0,0,0.2
CNN,CNN+KNN,128Hz_synthetic,1,1,43001,SYN0023,0,0,0.0
CNN,CNN+KNN,128Hz_synthetic,1,1,43001,SYN0023,0,1,0.8
CNN,CNN+KNN,128Hz_synthetic,1,1,43001,SYN0023,0,0,0.2
CNN,CNN+KNN,128Hz_synthetic,1,1,43001,SYN0024,0,0,0.4
CNN,CNN+KNN,128Hz_synthetic,1,1,43001,SYN0024,0,0,0.4
CNN,CNN+KNN,128Hz_synthetic,1,1,43001,SYN0024,0,1,0.6
CNN,CNN+KNN,128Hz_synthetic,1,1,43001,SYN0024,0,0,0.2
CNN,CNN+KNN,128Hz_synthetic,1,1,43001,SYN0025,0,1,0.6
CNN,CNN+KNN,128Hz_synthetic,1,1,43001,SYN0025,0,1,0.8
CNN,CNN+KNN,128Hz_synthetic,1,1,43001,SYN0025,0,1,0.6
CNN,CNN+KNN,128Hz_synthetic,1,1,43001,SYN0025,0,1,0.6
CNN,CNN+KNN,128Hz_synthetic,1,1,43001,SYN0029,0,1,0.6
CNN,CNN+KNN,128Hz_synthetic,1,1,43001,SYN0029,0,0,0.4
CNN,CNN+KNN,128Hz_synthetic,1,1,43001,SYN0029,0,1,0.8
CNN,CNN+LR_noCORAL,128Hz_synthetic,1,1,43001,SYN0000,1,0,0.4991287291049957
CNN,CNN+LR_noCORAL,128Hz_synthetic,1,1,43001,SYN0000,1,1,0.5012855529785156
CNN,CNN+LR_noCORAL,128Hz_synthetic,1,1,43001,SYN0000,1,1,0.5009767413139343
CNN,CNN+LR_noCORAL,128Hz_synthetic,1,1,43001,SYN0000,1,1,0.5007324814796448
CNN,CNN+LR_noCORAL,128Hz_synthetic,1,1,43001,SYN0000,1,1,0.5003063678741455
CNN,CNN+LR_noCORAL,128Hz_synthetic,1,1,43001,SYN0001,1,0,0.49822792410850525
CNN,CNN+LR_noCORAL,128Hz_synthetic,1,1,43001,SYN0001,1,1,0.5009340047836304
CNN,CNN+LR_noCORAL,128Hz_synthetic,1,1,43001,SYN0001,1,0,0.4994533061981201
CNN,CNN+LR_noCORAL,128Hz_synthetic,1,1,43001,SYN0001,1,1,0.5007722973823547
CNN,CNN+LR_noCORAL,128Hz_synthetic,1,1,43001,SYN0008,1,1,0.5009164214134216
CNN,CNN+LR_noCORAL,128Hz_synthetic,1,1,43001,SYN0008,1,1,0.5002872943878174
CNN,CNN+LR_noCORAL,128Hz_synthetic,1,1,43001,SYN0008,1,0,0.499154269695282
CNN,CNN+LR_noCORAL,128Hz_synthetic,1,1,43001,SYN0008,1,0,0.4986572563648224
CNN,CNN+LR_noCORAL,128Hz_synthetic,1,1,43001,SYN0008,1,1,0.5007107853889465
CNN,CNN+LR_noCORAL,128Hz_synthetic,1,1,43001,SYN0009,1,1,0.5004845261573792
CNN,CNN+LR_noCORAL,128Hz_synthetic,1,1,43001,SYN0009,1,0,0.4995998442173004
CNN,CNN+LR_noCORAL,128Hz_synthetic,1,1,43001,SYN0009,1,1,0.501046895980835
CNN,CNN+LR_noCORAL,128Hz_synthetic,1,1,43001,SYN0010,1,1,0.502305805683136
CNN,CNN+LR_noCORAL,128Hz_synthetic,1,1,43001,SYN0010,1,1,0.5002913475036621
CNN,CNN+LR_noCORAL,128Hz_synthetic,1,1,43001,SYN0010,1,0,0.4985502064228058
CNN,CNN+LR_noCORAL,128Hz_synthetic,1,1,43001,SYN0010,1,0,0.4988654553890228
CNN,CNN+LR_noCORAL,128Hz_synthetic,1,1,43001,SYN0015,0,0,0.49902912974357605
CNN,CNN+LR_noCORAL,128Hz_synthetic,1,1,43001,SYN0015,0,1,0.501571536064148
CNN,CNN+LR_noCORAL,128Hz_synthetic,1,1,43001,SYN0015,0,0,0.49809107184410095
CNN,CNN+LR_noCORAL,128Hz_synthetic,1,1,43001,SYN0023,0,0,0.4997122287750244
CNN,CNN+LR_noCORAL,128Hz_synthetic,1,1,43001,SYN0023,0,0,0.4988570213317871
CNN,CNN+LR_noCORAL,128Hz_synthetic,1,1,43001,SYN0023,0,0,0.49782079458236694
CNN,CNN+LR_noCORAL,128Hz_synthetic,1,1,43001,SYN0023,0,1,0.5011776089668274
CNN,CNN+LR_noCORAL,128Hz_synthetic,1,1,43001,SYN0023,0,0,0.49788710474967957
CNN,CNN+LR_noCORAL,128Hz_synthetic,1,1,43001,SYN0024,0,0,0.49931222200393677
CNN,CNN+LR_noCORAL,128Hz_synthetic,1,1,43001,SYN0024,0,0,0.49902841448783875
CNN,CNN+LR_noCORAL,128Hz_synthetic,1,1,43001,SYN0024,0,1,0.5013988614082336
CNN,CNN+LR_noCORAL,128Hz_synthetic,1,1,43001,SYN0024,0,0,0.49890103936195374
CNN,CNN+LR_noCORAL,128Hz_synthetic,1,1,43001,SYN0025,0,0,0.49846965074539185
CNN,CNN+LR_noCORAL,128Hz_synthetic,1,1,43001,SYN0025,0,0,0.49923524260520935
CNN,CNN+LR_noCORAL,128Hz_synthetic,1,1,43001,SYN0025,0,1,0.5007161498069763
CNN,CNN+LR_noCORAL,128Hz_synthetic,1,1,43001,SYN0025,0,1,0.500386655330658
CNN,CNN+LR_noCORAL,128Hz_synthetic,1,1,43001,SYN0029,0,0,0.4985976219177246
CNN,CNN+LR_noCORAL,128Hz_synthetic,1,1,43001,SYN0029,0,1,0.5009429454803467
CNN,CNN+LR_noCORAL,128Hz_synthetic,1,1,43001,SYN0029,0,0,0.499520868062973
CNN,CNN+LR_withCORAL,128Hz_synthetic,1,1,43001,SYN0000,1,0,0.4992369946120851
CNN,CNN+LR_withCORAL,128Hz_synthetic,1,1,43001,SYN0000,1,1,0.5013673702992631
CNN,CNN+LR_withCORAL,128Hz_synthetic,1,1,43001,SYN0000,1,1,0.501009207891418
CNN,CNN+LR_withCORAL,128Hz_synthetic,1,1,43001,SYN0000,1,1,0.5007761557224937
CNN,CNN+LR_withCORAL,128Hz_synthetic,1,1,43001,SYN0000,1,1,0.5004070899968003
CNN,CNN+LR_withCORAL,128Hz_synthetic,1,1,43001,SYN0001,1,0,0.49827930866123166
CNN,CNN+LR_withCORAL,128Hz_synthetic,1,1,43001,SYN0001,1,1,0.500981734627059
CNN,CNN+LR_withCORAL,128Hz_synthetic,1,1,43001,SYN0001,1,0,0.4995463717508589
CNN,CNN+LR_withCORAL,128Hz_synthetic,1,1,43001,SYN0001,1,1,0.5008517711674649
CNN,CNN+LR_withCORAL,128Hz_synthetic,1,1,43001,SYN0008,1,1,0.5009861214621129
CNN,CNN+LR_withCORAL,128Hz_synthetic,1,1,43001,SYN0008,1,1,0.5003862821308991
CNN,CNN+LR_withCORAL,128Hz_synthetic,1,1,43001,SYN0008,1,0,0.4992493831949944
CNN,CNN+LR_withCORAL,128Hz_synthetic,1,1,43001,SYN0008,1,0,0.4987682514174583
CNN,CNN+LR_withCORAL,128Hz_synthetic,1,1,43001,SYN0008,1,1,0.5008248973827242
CNN,CNN+LR_withCORAL,128Hz_synthetic,1,1,43001,SYN0009,1,1,0.5005775913733448
CNN,CNN+LR_withCORAL,128Hz_synthetic,1,1,43001,SYN0009,1,0,0.4997051096255919
CNN,CNN+LR_withCORAL,128Hz_synthetic,1,1,43001,SYN0009,1,1,0.5011046981291778
CNN,CNN+LR_withCORAL,128Hz_synthetic,1,1,43001,SYN0010,1,1,0.5023479003062904
CNN,CNN+LR_withCORAL,128Hz_synthetic,1,1,43001,SYN0010,1,1,0.500354409370197
CNN,CNN+LR_withCORAL,128Hz_synthetic,1,1,43001,SYN0010,1,0,0.49867605038137286
CNN,CNN+LR_withCORAL,128Hz_synthetic,1,1,43001,SYN0010,1,0,0.49896335053562063
CNN,CNN+LR_withCORAL,128Hz_synthetic,1,1,43001,SYN0015,0,0,0.49910582734994025
CNN,CNN+LR_withCORAL,128Hz_synthetic,1,1,43001,SYN0015,0,1,0.5016579829672955
CNN,CNN+LR_withCORAL,128Hz_synthetic,1,1,43001,SYN0015,0,0,0.49820735738195276
CNN,CNN+LR_withCORAL,128Hz_synthetic,1,1,43001,SYN0023,0,0,0.4998046456061247
CNN,CNN+LR_withCORAL,128Hz_synthetic,1,1,43001,SYN0023,0,0,0.4989801539273084
CNN,CNN+LR_withCORAL,128Hz_synthetic,1,1,43001,SYN0023,0,0,0.4979524589719358
CNN,CNN+LR_withCORAL,128Hz_synthetic,1,1,43001,SYN0023,0,1,0.5012349787693957
CNN,CNN+LR_withCORAL,128Hz_synthetic,1,1,43001,SYN0023,0,0,0.49803500226541086
CNN,CNN+LR_withCORAL,128Hz_synthetic,1,1,43001,SYN0024,0,0,0.49943450619001234
CNN,CNN+LR_withCORAL,128Hz_synthetic,1,1,43001,SYN0024,0,0,0.4991407025737522
CNN,CNN+LR_withCORAL,128Hz_synthetic,1,1,43001,SYN0024,0,1,0.5014989488095098
CNN,CNN+LR_withCORAL,128Hz_synthetic,1,1,43001,SYN0024,0,0,0.4990016382009187
CNN,CNN+LR_withCORAL,128Hz_synthetic,1,1,43001,SYN0025,0,0,0.49858592652197714
CNN,CNN+LR_withCORAL,128Hz_synthetic,1,1,43001,SYN0025,0,0,0.49933066679171595
CNN,CNN+LR_withCORAL,128Hz_synthetic,1,1,43001,SYN0025,0,1,0.5007627319231925
CNN,CNN+LR_withCORAL,128Hz_synthetic,1,1,43001,SYN0025,0,1,0.5005329469495865
CNN,CNN+LR_withCORAL,128Hz_synthetic,1,1,43001,SYN0029,0,0,0.49871554816248737
CNN,CNN+LR_withCORAL,128Hz_synthetic,1,1,43001,SYN0029,0,1,0.5009861472600338
CNN,CNN+LR_withCORAL,128Hz_synthetic,1,1,43001,SYN0029,0,0,0.4996024768464605
CNN,CNN,128Hz_synthetic,1,2,43002,SYN0002,1,1,0.5256224870681763
CNN,CNN,128Hz_synthetic,1,2,43002,SYN0002,1,1,0.5244594216346741
CNN,CNN,128Hz_synthetic,1,2,43002,SYN0002,1,1,0.5250687599182129
CNN,CNN,128Hz_synthetic,1,2,43002,SYN0002,1,1,0.5263131856918335
CNN,CNN,128Hz_synthetic,1,2,43002,SYN0003,1,1,0.5267522931098938
CNN,CNN,128Hz_synthetic,1,2,43002,SYN0003,1,1,0.523833692073822
CNN,CNN,128Hz_synthetic,1,2,43002,SYN0003,1,1,0.5251102447509766
CNN,CNN,128Hz_synthetic,1,2,43002,SYN0011,1,1,0.524572491645813
CNN,CNN,128Hz_synthetic,1,2,43002,SYN0011,1,1,0.5248705744743347
CNN,CNN,128Hz_synthetic,1,2,43002,SYN0011,1,1,0.5251563191413879
CNN,CNN,128Hz_synthetic,1,2,43002,SYN0011,1,1,0.5255651473999023
CNN,CNN,128Hz_synthetic,1,2,43002,SYN0011,1,1,0.5252962708473206
CNN,CNN,128Hz_synthetic,1,2,43002,SYN0012,1,1,0.5251683592796326
CNN,CNN,128Hz_synthetic,1,2,43002,SYN0012,1,1,0.5241376161575317
CNN,CNN,128Hz_synthetic,1,2,43002,SYN0012,1,1,0.5254426002502441
CNN,CNN,128Hz_synthetic,1,2,43002,SYN0014,1,1,0.5244070291519165
CNN,CNN,128Hz_synthetic,1,2,43002,SYN0014,1,1,0.5253214836120605
CNN,CNN,128Hz_synthetic,1,2,43002,SYN0014,1,1,0.5249909162521362
CNN,CNN,128Hz_synthetic,1,2,43002,SYN0014,1,1,0.5232706069946289
CNN,CNN,128Hz_synthetic,1,2,43002,SYN0018,0,1,0.5244781970977783
CNN,CNN,128Hz_synthetic,1,2,43002,SYN0018,0,1,0.5240870714187622
CNN,CNN,128Hz_synthetic,1,2,43002,SYN0018,0,1,0.5253655910491943
CNN,CNN,128Hz_synthetic,1,2,43002,SYN0019,0,1,0.5247240662574768
CNN,CNN,128Hz_synthetic,1,2,43002,SYN0019,0,1,0.5229651927947998
CNN,CNN,128Hz_synthetic,1,2,43002,SYN0019,0,1,0.5263017416000366
CNN,CNN,128Hz_synthetic,1,2,43002,SYN0019,0,1,0.5240002870559692
CNN,CNN,128Hz_synthetic,1,2,43002,SYN0019,0,1,0.52617347240448
CNN,CNN,128Hz_synthetic,1,2,43002,SYN0020,0,1,0.5233428478240967
CNN,CNN,128Hz_synthetic,1,2,43002,SYN0020,0,1,0.5253254175186157
CNN,CNN,128Hz_synthetic,1,2,43002,SYN0020,0,1,0.5263307094573975
CNN,CNN,128Hz_synthetic,1,2,43002,SYN0020,0,1,0.5263453125953674
CNN,CNN,128Hz_synthetic,1,2,43002,SYN0027,0,1,0.524492621421814
CNN,CNN,128Hz_synthetic,1,2,43002,SYN0027,0,1,0.5250998735427856
CNN,CNN,128Hz_synthetic,1,2,43002,SYN0027,0,1,0.5252583026885986
CNN,CNN,128Hz_synthetic,1,2,43002,SYN0027,0,1,0.5244153738021851
CNN,CNN,128Hz_synthetic,1,2,43002,SYN0027,0,1,0.5240389108657837
CNN,CNN,128Hz_synthetic,1,2,43002,SYN0028,0,1,0.5268898606300354
CNN,CNN,128Hz_synthetic,1,2,43002,SYN0028,0,1,0.5238540768623352
CNN,CNN,128Hz_synthetic,1,2,43002,SYN0028,0,1,0.5260776281356812
CNN,CNN,128Hz_synthetic,1,2,43002,SYN0028,0,1,0.525651216506958
CNN,CNN+LR,128Hz_synthetic,1,2,43002,SYN0002,1,1,0.5002869963645935
CNN,CNN+LR,128Hz_synthetic,1,2,43002,SYN0002,1,1,0.5001071095466614
CNN,CNN+LR,128Hz_synthetic,1,2,43002,SYN0002,1,1,0.5001478791236877
CNN,CNN+LR,128Hz_synthetic,1,2,43002,SYN0002,1,1,0.5002687573432922
CNN,CNN+LR,128Hz_synthetic,1,2,43002,SYN0003,1,1,0.5000258088111877
CNN,CNN+LR,128Hz_synthetic,1,2,43002,SYN0003,1,0,0.4997720420360565
CNN,CNN+LR,128Hz_synthetic,1,2,43002,SYN0003,1,0,0.4999200105667114
CNN,CNN+LR,128Hz_synthetic,1,2,43002,SYN0011,1,0,0.4999006688594818
CNN,CNN+LR,128Hz_synthetic,1,2,43002,SYN0011,1,0,0.49999499320983887
CNN,CNN+LR,128Hz_synthetic,1,2,43002,SYN0011,1,1,0.5000278949737549
CNN,CNN+LR,128Hz_synthetic,1,2,43002,SYN0011,1,1,0.5000497102737427
CNN,CNN+LR,128Hz_synthetic,1,2,43002,SYN0011,1,1,0.5000967979431152
CNN,CNN+LR,128Hz_synthetic,1,2,43002,SYN0012,1,1,0.500048816204071
CNN,CNN+LR,128Hz_synthetic,1,2,43002,SYN0012,1,0,0.4999066889286041
CNN,CNN+LR,128Hz_synthetic,1,2,43002,SYN0012,1,0,0.49998098611831665
CNN,CNN+LR,128Hz_synthetic,1,2,43002,SYN0014,1,1,0.5000348687171936
CNN,CNN+LR,128Hz_synthetic,1,2,43002,SYN0014,1,1,0.5002012252807617
CNN,CNN+LR,128Hz_synthetic,1,2,43002,SYN0014,1,0,0.49979349970817566
CNN,CNN+LR,128Hz_synthetic,1,2,43002,SYN0014,1,0,0.49973347783088684
CNN,CNN+LR,128Hz_synthetic,1,2,43002,SYN0018,0,0,0.49992573261260986
CNN,CNN+LR,128Hz_synthetic,1,2,43002,SYN0018,0,0,0.499917209148407
CNN,CNN+LR,128Hz_synthetic,1,2,43002,SYN0018,0,0,0.499935507774353
CNN,CNN+LR,128Hz_synthetic,1,2,43002,SYN0019,0,0,0.4999316334724426
CNN,CNN+LR,128Hz_synthetic,1,2,43002,SYN0019,0,0,0.49987050890922546
CNN,CNN+LR,128Hz_synthetic,1,2,43002,SYN0019,0,1,0.5000240206718445
CNN,CNN+LR,128Hz_synthetic,1,2,43002,SYN0019,0,1,0.5002329349517822
CNN,CNN+LR,128Hz_synthetic,1,2,43002,SYN0019,0,0,0.49984151124954224
CNN,CNN+LR,128Hz_synthetic,1,2,43002,SYN0020,0,1,0.5000229477882385
CNN,CNN+LR,128Hz_synthetic,1,2,43002,SYN0020,0,1,0.5001593232154846
CNN,CNN+LR,128Hz_synthetic,1,2,43002,SYN0020,0,0,0.49998146295547485
CNN,CNN+LR,128Hz_synthetic,1,2,43002,SYN0020,0,0,0.4999392032623291
CNN,CNN+LR,128Hz_synthetic,1,2,43002,SYN0027,0,0,0.49996232986450195
CNN,CNN+LR,128Hz_synthetic,1,2,43002,SYN0027,0,0,0.49980753660202026
CNN,CNN+LR,128Hz_synthetic,1,2,43002,SYN0027,0,1,0.5000080466270447
CNN,CNN+LR,128Hz_synthetic,1,2,43002,SYN0027,0,1,0.5000878572463989
CNN,CNN+LR,128Hz_synthetic,1,2,43002,SYN0027,0,0,0.4996800124645233
CNN,CNN+LR,128Hz_synthetic,1,2,43002,SYN0028,0,1,0.500291645526886
CNN,CNN+LR,128Hz_synthetic,1,2,43002,SYN0028,0,1,0.5001004934310913
CNN,CNN+LR,128Hz_synthetic,1,2,43002,SYN0028,0,0,0.4998989403247833
CNN,CNN+LR,128Hz_synthetic,1,2,43002,SYN0028,0,1,0.5002236366271973
CNN,CNN+LinearSVM,128Hz_synthetic,1,2,43002,SYN0002,1,1,0.46051845628008153
CNN,CNN+LinearSVM,128Hz_synthetic,1,2,43002,SYN0002,1,1,0.4606079514074156
CNN,CNN+LinearSVM,128Hz_synthetic,1,2,43002,SYN0002,1,1,0.46058532846858613
CNN,CNN+LinearSVM,128Hz_synthetic,1,2,43002,SYN0002,1,1,0.46053134846801486
CNN,CNN+LinearSVM,128Hz_synthetic,1,2,43002,SYN0003,1,1,0.4606393415738975
CNN,CNN+LinearSVM,128Hz_synthetic,1,2,43002,SYN0003,1,1,0.46076198088283876
CNN,CNN+LinearSVM,128Hz_synthetic,1,2,43002,SYN0003,1,1,0.4606955308229984
CNN,CNN+LinearSVM,128Hz_synthetic,1,2,43002,SYN0011,1,1,0.4606987421554118
CNN,CNN+LinearSVM,128Hz_synthetic,1,2,43002,SYN0011,1,1,0.4606584836566823
CNN,CNN+LinearSVM,128Hz_synthetic,1,2,43002,SYN0011,1,1,0.46064424250108854
CNN,CNN+LinearSVM,128Hz_synthetic,1,2,43002,SYN0011,1,1,0.46063212635638157
CNN,CNN+LinearSVM,128Hz_synthetic,1,2,43002,SYN0011,1,1,0.46061259409218336
CNN,CNN+LinearSVM,128Hz_synthetic,1,2,43002,SYN0012,1,1,0.46063041709631386
CNN,CNN+LinearSVM,128Hz_synthetic,1,2,43002,SYN0012,1,1,0.46070196877927794
CNN,CNN+LinearSVM,128Hz_synthetic,1,2,43002,SYN0012,1,1,0.46066229819830046
CNN,CNN+LinearSVM,128Hz_synthetic,1,2,43002,SYN0014,1,1,0.46064027496726334
CNN,CNN+LinearSVM,128Hz_synthetic,1,2,43002,SYN0014,1,1,0.46056083930108366
CNN,CNN+LinearSVM,128Hz_synthetic,1,2,43002,SYN0014,1,1,0.4607524865964
CNN,CNN+LinearSVM,128Hz_synthetic,1,2,43002,SYN0014,1,1,0.4607813700022033
CNN,CNN+LinearSVM,128Hz_synthetic,1,2,43002,SYN0018,0,1,0.4606919362497447
CNN,CNN+LinearSVM,128Hz_synthetic,1,2,43002,SYN0018,0,1,0.4606958525946032
CNN,CNN+LinearSVM,128Hz_synthetic,1,2,43002,SYN0018,0,1,0.4606834571610516
CNN,CNN+LinearSVM,128Hz_synthetic,1,2,43002,SYN0019,0,1,0.46068929607584347
CNN,CNN+LinearSVM,128Hz_synthetic,1,2,43002,SYN0019,0,1,0.4607224430050233
CNN,CNN+LinearSVM,128Hz_synthetic,1,2,43002,SYN0019,0,1,0.46064542555732535
CNN,CNN+LinearSVM,128Hz_synthetic,1,2,43002,SYN0019,0,1,0.46054723570986467
CNN,CNN+LinearSVM,128Hz_synthetic,1,2,43002,SYN0019,0,1,0.4607279874652048
CNN,CNN+LinearSVM,128Hz_synthetic,1,2,43002,SYN0020,0,1,0.4606476462043621
CNN,CNN+LinearSVM,128Hz_synthetic,1,2,43002,SYN0020,0,1,0.460578850830136
CNN,CNN+LinearSVM,128Hz_synthetic,1,2,43002,SYN0020,0,1,0.46066003421647334
CNN,CNN+LinearSVM,128Hz_synthetic,1,2,43002,SYN0020,0,1,0.4606841121348383
CNN,CNN+LinearSVM,128Hz_synthetic,1,2,43002,SYN0027,0,1,0.4606755855427035
CNN,CNN+LinearSVM,128Hz_synthetic,1,2,43002,SYN0027,0,1,0.4607477223974064
CNN,CNN+LinearSVM,128Hz_synthetic,1,2,43002,SYN0027,0,1,0.46065234069050026
CNN,CNN+LinearSVM,128Hz_synthetic,1,2,43002,SYN0027,0,1,0.4606174488582085
CNN,CNN+LinearSVM,128Hz_synthetic,1,2,43002,SYN0027,0,1,0.4608034504290408
CNN,CNN+LinearSVM,128Hz_synthetic,1,2,43002,SYN0028,0,1,0.4605151802353325
CNN,CNN+LinearSVM,128Hz_synthetic,1,2,43002,SYN0028,0,1,0.4606103894377292
CNN,CNN+LinearSVM,128Hz_synthetic,1,2,43002,SYN0028,0,1,0.46070210967356995
CNN,CNN+LinearSVM,128Hz_synthetic,1,2,43002,SYN0028,0,1,0.4605509811360925
CNN,CNN+NLSVM,128Hz_synthetic,1,2,43002,SYN0002,1,1,0.40724911347498594
CNN,CNN+NLSVM,128Hz_synthetic,1,2,43002,SYN0002,1,1,0.41407936623539554
CNN,CNN+NLSVM,128Hz_synthetic,1,2,43002,SYN0002,1,1,0.41236575390761177
CNN,CNN+NLSVM,128Hz_synthetic,1,2,43002,SYN0002,1,1,0.40817667424337956
CNN,CNN+NLSVM,128Hz_synthetic,1,2,43002,SYN0003,1,1,0.4165267829623781
CNN,CNN+NLSVM,128Hz_synthetic,1,2,43002,SYN0003,1,1,0.42597429793627656
CNN,CNN+NLSVM,128Hz_synthetic,1,2,43002,SYN0003,1,1,0.42082100555456664
CNN,CNN+NLSVM,128Hz_synthetic,1,2,43002,SYN0011,1,1,0.421080685960607
CNN,CNN+NLSVM,128Hz_synthetic,1,2,43002,SYN0011,1,1,0.4179788770428352
CNN,CNN+NLSVM,128Hz_synthetic,1,2,43002,SYN0011,1,1,0.4168878086123321
CNN,CNN+NLSVM,128Hz_synthetic,1,2,43002,SYN0011,1,1,0.4159335969821849
CNN,CNN+NLSVM,128Hz_synthetic,1,2,43002,SYN0011,1,1,0.4144449074996056
CNN,CNN+NLSVM,128Hz_synthetic,1,2,43002,SYN0012,1,1,0.4158591845155393
CNN,CNN+NLSVM,128Hz_synthetic,1,2,43002,SYN0012,1,1,0.42138978594448206
CNN,CNN+NLSVM,128Hz_synthetic,1,2,43002,SYN0012,1,1,0.4183332747330532
CNN,CNN+NLSVM,128Hz_synthetic,1,2,43002,SYN0014,1,1,0.41658323462308994
CNN,CNN+NLSVM,128Hz_synthetic,1,2,43002,SYN0014,1,1,0.41047268258101055
CNN,CNN+NLSVM,128Hz_synthetic,1,2,43002,SYN0014,1,1,0.4253385162161913
CNN,CNN+NLSVM,128Hz_synthetic,1,2,43002,SYN0014,1,1,0.42760340760359283
CNN,CNN+NLSVM,128Hz_synthetic,1,2,43002,SYN0018,0,1,0.4205254723316216
CNN,CNN+NLSVM,128Hz_synthetic,1,2,43002,SYN0018,0,1,0.4208543952017701
CNN,CNN+NLSVM,128Hz_synthetic,1,2,43002,SYN0018,0,1,0.4199378435413134
CNN,CNN+NLSVM,128Hz_synthetic,1,2,43002,SYN0019,0,1,0.42036542215017453
CNN,CNN+NLSVM,128Hz_synthetic,1,2,43002,SYN0019,0,1,0.42292603376695775
CNN,CNN+NLSVM,128Hz_synthetic,1,2,43002,SYN0019,0,1,0.41692790587354045
CNN,CNN+NLSVM,128Hz_synthetic,1,2,43002,SYN0019,0,1,0.40939745058240967
CNN,CNN+NLSVM,128Hz_synthetic,1,2,43002,SYN0019,0,1,0.42333380252442937
CNN,CNN+NLSVM,128Hz_synthetic,1,2,43002,SYN0020,0,1,0.4171372865286543
CNN,CNN+NLSVM,128Hz_synthetic,1,2,43002,SYN0020,0,1,0.4118646802766597
CNN,CNN+NLSVM,128Hz_synthetic,1,2,43002,SYN0020,0,1,0.41808816497622453
CNN,CNN+NLSVM,128Hz_synthetic,1,2,43002,SYN0020,0,1,0.4199840423700248
CNN,CNN+NLSVM,128Hz_synthetic,1,2,43002,SYN0027,0,1,0.41934034454004226
CNN,CNN+NLSVM,128Hz_synthetic,1,2,43002,SYN0027,0,1,0.42492176508785834
CNN,CNN+NLSVM,128Hz_synthetic,1,2,43002,SYN0027,0,1,0.41751561869672743
CNN,CNN+NLSVM,128Hz_synthetic,1,2,43002,SYN0027,0,1,0.414809824546924
CNN,CNN+NLSVM,128Hz_synthetic,1,2,43002,SYN0027,0,1,0.42931658201489875
CNN,CNN+NLSVM,128Hz_synthetic,1,2,43002,SYN0028,0,1,0.4070067666275354
CNN,CNN+NLSVM,128Hz_synthetic,1,2,43002,SYN0028,0,1,0.4142663832467701
CNN,CNN+NLSVM,128Hz_synthetic,1,2,43002,SYN0028,0,1,0.42139641265987887
CNN,CNN+NLSVM,128Hz_synthetic,1,2,43002,SYN0028,0,1,0.4097075398229097
CNN,CNN+RF,128Hz_synthetic,1,2,43002,SYN0002,1,1,0.54
CNN,CNN+RF,128Hz_synthetic,1,2,43002,SYN0002,1,1,0.66
CNN,CNN+RF,128Hz_synthetic,1,2,43002,SYN0002,1,1,0.54
CNN,CNN+RF,128Hz_synthetic,1,2,43002,SYN0002,1,1,0.76
CNN,CNN+RF,128Hz_synthetic,1,2,43002,SYN0003,1,1,0.57
CNN,CNN+RF,128Hz_synthetic,1,2,43002,SYN0003,1,0,0.45
CNN,CNN+RF,128Hz_synthetic,1,2,43002,SYN0003,1,1,0.51
CNN,CNN+RF,128Hz_synthetic,1,2,43002,SYN0011,1,0,0.45
CNN,CNN+RF,128Hz_synthetic,1,2,43002,SYN0011,1,1,0.56
CNN,CNN+RF,128Hz_synthetic,1,2,43002,SYN0011,1,0,0.4
CNN,CNN+RF,128Hz_synthetic,1,2,43002,SYN0011,1,1,0.57
CNN,CNN+RF,128Hz_synthetic,1,2,43002,SYN0011,1,0,0.48
CNN,CNN+RF,128Hz_synthetic,1,2,43002,SYN0012,1,0,0.48
CNN,CNN+RF,128Hz_synthetic,1,2,43002,SYN0012,1,1,0.51
CNN,CNN+RF,128Hz_synthetic,1,2,43002,SYN0012,1,0,0.41
CNN,CNN+RF,128Hz_synthetic,1,2,43002,SYN0014,1,1,0.54
CNN,CNN+RF,128Hz_synthetic,1,2,43002,SYN0014,1,0,0.42
CNN,CNN+RF,128Hz_synthetic,1,2,43002,SYN0014,1,0,0.4
CNN,CNN+RF,128Hz_synthetic,1,2,43002,SYN0014,1,0,0.18
CNN,CNN+RF,128Hz_synthetic,1,2,43002,SYN0018,0,1,0.52
CNN,CNN+RF,128Hz_synthetic,1,2,43002,SYN0018,0,1,0.56
CNN,CNN+RF,128Hz_synthetic,1,2,43002,SYN0018,0,0,0.35
CNN,CNN+RF,128Hz_synthetic,1,2,43002,SYN0019,0,0,0.38
CNN,CNN+RF,128Hz_synthetic,1,2,43002,SYN0019,0,1,0.52
CNN,CNN+RF,128Hz_synthetic,1,2,43002,SYN0019,0,0,0.49
CNN,CNN+RF,128Hz_synthetic,1,2,43002,SYN0019,0,0,0.48
CNN,CNN+RF,128Hz_synthetic,1,2,43002,SYN0019,0,0,0.4
CNN,CNN+RF,128Hz_synthetic,1,2,43002,SYN0020,0,0,0.33
CNN,CNN+RF,128Hz_synthetic,1,2,43002,SYN0020,0,1,0.54
CNN,CNN+RF,128Hz_synthetic,1,2,43002,SYN0020,0,1,0.57
CNN,CNN+RF,128Hz_synthetic,1,2,43002,SYN0020,0,0,0.44
CNN,CNN+RF,128Hz_synthetic,1,2,43002,SYN0027,0,0,0.37
CNN,CNN+RF,128Hz_synthetic,1,2,43002,SYN0027,0,1,0.59
CNN,CNN+RF,128Hz_synthetic,1,2,43002,SYN0027,0,1,0.55
CNN,CNN+RF,128Hz_synthetic,1,2,43002,SYN0027,0,1,0.51
CNN,CNN+RF,128Hz_synthetic,1,2,43002,SYN0027,0,0,0.13
CNN,CNN+RF,128Hz_synthetic,1,2,43002,SYN0028,0,1,0.7
CNN,CNN+RF,128Hz_synthetic,1,2,43002,SYN0028,0,1,0.53
CNN,CNN+RF,128Hz_synthetic,1,2,43002,SYN0028,0,0,0.33
CNN,CNN+RF,128Hz_synthetic,1,2,43002,SYN0028,0,1,0.57
CNN,CNN+GNB,128Hz_synthetic,1,2,43002,SYN0002,1,1,0.9199508428573608
CNN,CNN+GNB,128Hz_synthetic,1,2,43002,SYN0002,1,1,0.9819759726524353
CNN,CNN+GNB,128Hz_synthetic,1,2,43002,SYN0002,1,1,0.6497599482536316
CNN,CNN+GNB,128Hz_synthetic,1,2,43002,SYN0002,1,1,0.9985971450805664
CNN,CNN+GNB,128Hz_synthetic,1,2,43002,SYN0003,1,1,0.9650421142578125
CNN,CNN+GNB,128Hz_synthetic,1,2,43002,SYN0003,1,0,0.08042366802692413
CNN,CNN+GNB,128Hz_synthetic,1,2,43002,SYN0003,1,1,0.7557154297828674
CNN,CNN+GNB,128Hz_synthetic,1,2,43002,SYN0011,1,1,0.8010252714157104
CNN,CNN+GNB,128Hz_synthetic,1,2,43002,SYN0011,1,0,0.4947338402271271
CNN,CNN+GNB,128Hz_synthetic,1,2,43002,SYN0011,1,0,0.4202597141265869
CNN,CNN+GNB,128Hz_synthetic,1,2,43002,SYN0011,1,1,0.7723628878593445
CNN,CNN+GNB,128Hz_synthetic,1,2,43002,SYN0011,1,1,0.8332396149635315
CNN,CNN+GNB,128Hz_synthetic,1,2,43002,SYN0012,1,1,0.9105104207992554
CNN,CNN+GNB,128Hz_synthetic,1,2,43002,SYN0012,1,1,1.0
CNN,CNN+GNB,128Hz_synthetic,1,2,43002,SYN0012,1,1,0.6725165843963623
CNN,CNN+GNB,128Hz_synthetic,1,2,43002,SYN0014,1,1,0.8479123711585999
CNN,CNN+GNB,128Hz_synthetic,1,2,43002,SYN0014,1,1,0.9964054822921753
CNN,CNN+GNB,128Hz_synthetic,1,2,43002,SYN0014,1,0,0.08927661925554276
CNN,CNN+GNB,128Hz_synthetic,1,2,43002,SYN0014,1,0,0.0050114975310862064
CNN,CNN+GNB,128Hz_synthetic,1,2,43002,SYN0018,0,1,0.6436418890953064
CNN,CNN+GNB,128Hz_synthetic,1,2,43002,SYN0018,0,0,0.4222910404205322
CNN,CNN+GNB,128Hz_synthetic,1,2,43002,SYN0018,0,0,0.37460896372795105
CNN,CNN+GNB,128Hz_synthetic,1,2,43002,SYN0019,0,0,0.4956405758857727
CNN,CNN+GNB,128Hz_synthetic,1,2,43002,SYN0019,0,1,1.0
CNN,CNN+GNB,128Hz_synthetic,1,2,43002,SYN0019,0,1,0.9478216767311096
CNN,CNN+GNB,128Hz_synthetic,1,2,43002,SYN0019,0,1,0.9923390746116638
CNN,CNN+GNB,128Hz_synthetic,1,2,43002,SYN0019,0,0,0.11592808365821838
CNN,CNN+GNB,128Hz_synthetic,1,2,43002,SYN0020,0,0,0.3254063129425049
CNN,CNN+GNB,128Hz_synthetic,1,2,43002,SYN0020,0,1,0.9094550609588623
CNN,CNN+GNB,128Hz_synthetic,1,2,43002,SYN0020,0,1,0.961338460445404
CNN,CNN+GNB,128Hz_synthetic,1,2,43002,SYN0020,0,0,0.3385549783706665
CNN,CNN+GNB,128Hz_synthetic,1,2,43002,SYN0027,0,0,0.4181872010231018
CNN,CNN+GNB,128Hz_synthetic,1,2,43002,SYN0027,0,0,0.11616182327270508
CNN,CNN+GNB,128Hz_synthetic,1,2,43002,SYN0027,0,1,0.9518218636512756
CNN,CNN+GNB,128Hz_synthetic,1,2,43002,SYN0027,0,1,0.7002462148666382
CNN,CNN+GNB,128Hz_synthetic,1,2,43002,SYN0027,0,0,0.0005444099078886211
CNN,CNN+GNB,128Hz_synthetic,1,2,43002,SYN0028,0,1,0.9995118975639343
CNN,CNN+GNB,128Hz_synthetic,1,2,43002,SYN0028,0,1,0.911177396774292
CNN,CNN+GNB,128Hz_synthetic,1,2,43002,SYN0028,0,0,0.0
CNN,CNN+GNB,128Hz_synthetic,1,2,43002,SYN0028,0,1,0.9968920350074768
CNN,CNN+KNN,128Hz_synthetic,1,2,43002,SYN0002,1,0,0.4
CNN,CNN+KNN,128Hz_synthetic,1,2,43002,SYN0002,1,1,0.6
CNN,CNN+KNN,128Hz_synthetic,1,2,43002,SYN0002,1,0,0.4
CNN,CNN+KNN,128Hz_synthetic,1,2,43002,SYN0002,1,1,0.6
CNN,CNN+KNN,128Hz_synthetic,1,2,43002,SYN0003,1,0,0.2
CNN,CNN+KNN,128Hz_synthetic,1,2,43002,SYN0003,1,0,0.4
CNN,CNN+KNN,128Hz_synthetic,1,2,43002,SYN0003,1,1,0.8
CNN,CNN+KNN,128Hz_synthetic,1,2,43002,SYN0011,1,1,0.8
CNN,CNN+KNN,128Hz_synthetic,1,2,43002,SYN0011,1,1,0.8
CNN,CNN+KNN,128Hz_synthetic,1,2,43002,SYN0011,1,1,0.6
CNN,CNN+KNN,128Hz_synthetic,1,2,43002,SYN0011,1,1,0.8
CNN,CNN+KNN,128Hz_synthetic,1,2,43002,SYN0011,1,0,0.2
CNN,CNN+KNN,128Hz_synthetic,1,2,43002,SYN0012,1,0,0.4
CNN,CNN+KNN,128Hz_synthetic,1,2,43002,SYN0012,1,1,0.6
CNN,CNN+KNN,128Hz_synthetic,1,2,43002,SYN0012,1,0,0.2
CNN,CNN+KNN,128Hz_synthetic,1,2,43002,SYN0014,1,0,0.4
CNN,CNN+KNN,128Hz_synthetic,1,2,43002,SYN0014,1,0,0.0
CNN,CNN+KNN,128Hz_synthetic,1,2,43002,SYN0014,1,0,0.4
CNN,CNN+KNN,128Hz_synthetic,1,2,43002,SYN0014,1,0,0.0
CNN,CNN+KNN,128Hz_synthetic,1,2,43002,SYN0018,0,1,0.6
CNN,CNN+KNN,128Hz_synthetic,1,2,43002,SYN0018,0,1,0.8
CNN,CNN+KNN,128Hz_synthetic,1,2,43002,SYN0018,0,0,0.2
CNN,CNN+KNN,128Hz_synthetic,1,2,43002,SYN0019,0,1,0.6
CNN,CNN+KNN,128Hz_synthetic,1,2,43002,SYN0019,0,0,0.2
CNN,CNN+KNN,128Hz_synthetic,1,2,43002,SYN0019,0,0,0.4
CNN,CNN+KNN,128Hz_synthetic,1,2,43002,SYN0019,0,1,0.8
CNN,CNN+KNN,128Hz_synthetic,1,2,43002,SYN0019,0,0,0.0
CNN,CNN+KNN,128Hz_synthetic,1,2,43002,SYN0020,0,0,0.4
CNN,CNN+KNN,128Hz_synthetic,1,2,43002,SYN0020,0,1,0.6
CNN,CNN+KNN,128Hz_synthetic,1,2,43002,SYN0020,0,1,0.6
CNN,CNN+KNN,128Hz_synthetic,1,2,43002,SYN0020,0,0,0.4
CNN,CNN+KNN,128Hz_synthetic,1,2,43002,SYN0027,0,0,0.2
CNN,CNN+KNN,128Hz_synthetic,1,2,43002,SYN0027,0,0,0.4
CNN,CNN+KNN,128Hz_synthetic,1,2,43002,SYN0027,0,1,0.8
CNN,CNN+KNN,128Hz_synthetic,1,2,43002,SYN0027,0,0,0.4
CNN,CNN+KNN,128Hz_synthetic,1,2,43002,SYN0027,0,0,0.2
CNN,CNN+KNN,128Hz_synthetic,1,2,43002,SYN0028,0,1,0.6
CNN,CNN+KNN,128Hz_synthetic,1,2,43002,SYN0028,0,1,0.6
CNN,CNN+KNN,128Hz_synthetic,1,2,43002,SYN0028,0,0,0.2
CNN,CNN+KNN,128Hz_synthetic,1,2,43002,SYN0028,0,1,0.6
CNN,CNN+LR_noCORAL,128Hz_synthetic,1,2,43002,SYN0002,1,1,0.5002869963645935
CNN,CNN+LR_noCORAL,128Hz_synthetic,1,2,43002,SYN0002,1,1,0.5001071095466614
CNN,CNN+LR_noCORAL,128Hz_synthetic,1,2,43002,SYN0002,1,1,0.5001478791236877
CNN,CNN+LR_noCORAL,128Hz_synthetic,1,2,43002,SYN0002,1,1,0.5002687573432922
CNN,CNN+LR_noCORAL,128Hz_synthetic,1,2,43002,SYN0003,1,1,0.5000258088111877
CNN,CNN+LR_noCORAL,128Hz_synthetic,1,2,43002,SYN0003,1,0,0.4997720420360565
CNN,CNN+LR_noCORAL,128Hz_synthetic,1,2,43002,SYN0003,1,0,0.4999200105667114
CNN,CNN+LR_noCORAL,128Hz_synthetic,1,2,43002,SYN0011,1,0,0.4999006688594818
CNN,CNN+LR_noCORAL,128Hz_synthetic,1,2,43002,SYN0011,1,0,0.49999499320983887
CNN,CNN+LR_noCORAL,128Hz_synthetic,1,2,43002,SYN0011,1,1,0.5000278949737549
CNN,CNN+LR_noCORAL,128Hz_synthetic,1,2,43002,SYN0011,1,1,0.5000497102737427
CNN,CNN+LR_noCORAL,128Hz_synthetic,1,2,43002,SYN0011,1,1,0.5000967979431152
CNN,CNN+LR_noCORAL,128Hz_synthetic,1,2,43002,SYN0012,1,1,0.500048816204071
CNN,CNN+LR_noCORAL,128Hz_synthetic,1,2,43002,SYN0012,1,0,0.4999066889286041
CNN,CNN+LR_noCORAL,128Hz_synthetic,1,2,43002,SYN0012,1,0,0.49998098611831665
CNN,CNN+LR_noCORAL,128Hz_synthetic,1,2,43002,SYN0014,1,1,0.5000348687171936
CNN,CNN+LR_noCORAL,128Hz_synthetic,1,2,43002,SYN0014,1,1,0.5002012252807617
CNN,CNN+LR_noCORAL,128Hz_synthetic,1,2,43002,SYN0014,1,0,0.49979349970817566
CNN,CNN+LR_noCORAL,128Hz_synthetic,1,2,43002,SYN0014,1,0,0.49973347783088684
CNN,CNN+LR_noCORAL,128Hz_synthetic,1,2,43002,SYN0018,0,0,0.49992573261260986
CNN,CNN+LR_noCORAL,128Hz_synthetic,1,2,43002,SYN0018,0,0,0.499917209148407
CNN,CNN+LR_noCORAL,128Hz_synthetic,1,2,43002,SYN0018,0,0,0.499935507774353
CNN,CNN+LR_noCORAL,128Hz_synthetic,1,2,43002,SYN0019,0,0,0.4999316334724426
CNN,CNN+LR_noCORAL,128Hz_synthetic,1,2,43002,SYN0019,0,0,0.49987050890922546
CNN,CNN+LR_noCORAL,128Hz_synthetic,1,2,43002,SYN0019,0,1,0.5000240206718445
CNN,CNN+LR_noCORAL,128Hz_synthetic,1,2,43002,SYN0019,0,1,0.5002329349517822
CNN,CNN+LR_noCORAL,128Hz_synthetic,1,2,43002,SYN0019,0,0,0.49984151124954224
CNN,CNN+LR_noCORAL,128Hz_synthetic,1,2,43002,SYN0020,0,1,0.5000229477882385
CNN,CNN+LR_noCORAL,128Hz_synthetic,1,2,43002,SYN0020,0,1,0.5001593232154846
CNN,CNN+LR_noCORAL,128Hz_synthetic,1,2,43002,SYN0020,0,0,0.49998146295547485
CNN,CNN+LR_noCORAL,128Hz_synthetic,1,2,43002,SYN0020,0,0,0.4999392032623291
CNN,CNN+LR_noCORAL,128Hz_synthetic,1,2,43002,SYN0027,0,0,0.49996232986450195
CNN,CNN+LR_noCORAL,128Hz_synthetic,1,2,43002,SYN0027,0,0,0.49980753660202026
CNN,CNN+LR_noCORAL,128Hz_synthetic,1,2,43002,SYN0027,0,1,0.5000080466270447
CNN,CNN+LR_noCORAL,128Hz_synthetic,1,2,43002,SYN0027,0,1,0.5000878572463989
CNN,CNN+LR_noCORAL,128Hz_synthetic,1,2,43002,SYN0027,0,0,0.4996800124645233
CNN,CNN+LR_noCORAL,128Hz_synthetic,1,2,43002,SYN0028,0,1,0.500291645526886
CNN,CNN+LR_noCORAL,128Hz_synthetic,1,2,43002,SYN0028,0,1,0.5001004934310913
CNN,CNN+LR_noCORAL,128Hz_synthetic,1,2,43002,SYN0028,0,0,0.4998989403247833
CNN,CNN+LR_noCORAL,128Hz_synthetic,1,2,43002,SYN0028,0,1,0.5002236366271973
CNN,CNN+LR_withCORAL,128Hz_synthetic,1,2,43002,SYN0002,1,1,0.500293440308288
CNN,CNN+LR_withCORAL,128Hz_synthetic,1,2,43002,SYN0002,1,1,0.5001156942704881
CNN,CNN+LR_withCORAL,128Hz_synthetic,1,2,43002,SYN0002,1,1,0.5001542336017191
CNN,CNN+LR_withCORAL,128Hz_synthetic,1,2,43002,SYN0002,1,1,0.5002769398016259
CNN,CNN+LR_withCORAL,128Hz_synthetic,1,2,43002,SYN0003,1,1,0.5000352979013813
CNN,CNN+LR_withCORAL,128Hz_synthetic,1,2,43002,SYN0003,1,0,0.4997880522836974
CNN,CNN+LR_withCORAL,128Hz_synthetic,1,2,43002,SYN0003,1,0,0.4999324159528158
CNN,CNN+LR_withCORAL,128Hz_synthetic,1,2,43002,SYN0011,1,0,0.49991163460023225
CNN,CNN+LR_withCORAL,128Hz_synthetic,1,2,43002,SYN0011,1,1,0.5000064692680064
CNN,CNN+LR_withCORAL,128Hz_synthetic,1,2,43002,SYN0011,1,1,0.5000361664379972
CNN,CNN+LR_withCORAL,128Hz_synthetic,1,2,43002,SYN0011,1,1,0.5000613971954158
CNN,CNN+LR_withCORAL,128Hz_synthetic,1,2,43002,SYN0011,1,1,0.5001019921573716
CNN,CNN+LR_withCORAL,128Hz_synthetic,1,2,43002,SYN0012,1,1,0.500057204412971
CNN,CNN+LR_withCORAL,128Hz_synthetic,1,2,43002,SYN0012,1,0,0.4999150603363774
CNN,CNN+LR_withCORAL,128Hz_synthetic,1,2,43002,SYN0012,1,0,0.4999904064247405
CNN,CNN+LR_withCORAL,128Hz_synthetic,1,2,43002,SYN0014,1,1,0.500043175291021
CNN,CNN+LR_withCORAL,128Hz_synthetic,1,2,43002,SYN0014,1,1,0.5002084878471629
CNN,CNN+LR_withCORAL,128Hz_synthetic,1,2,43002,SYN0014,1,0,0.49980637973889086
CNN,CNN+LR_withCORAL,128Hz_synthetic,1,2,43002,SYN0014,1,0,0.4997455069451154
CNN,CNN+LR_withCORAL,128Hz_synthetic,1,2,43002,SYN0018,0,0,0.4999398346264376
CNN,CNN+LR_withCORAL,128Hz_synthetic,1,2,43002,SYN0018,0,0,0.4999271170730847
CNN,CNN+LR_withCORAL,128Hz_synthetic,1,2,43002,SYN0018,0,0,0.4999493694811478
CNN,CNN+LR_withCORAL,128Hz_synthetic,1,2,43002,SYN0019,0,0,0.4999421973642143
CNN,CNN+LR_withCORAL,128Hz_synthetic,1,2,43002,SYN0019,0,0,0.4998782705158775
CNN,CNN+LR_withCORAL,128Hz_synthetic,1,2,43002,SYN0019,0,1,0.500030292751533
CNN,CNN+LR_withCORAL,128Hz_synthetic,1,2,43002,SYN0019,0,1,0.5002402447659331
CNN,CNN+LR_withCORAL,128Hz_synthetic,1,2,43002,SYN0019,0,0,0.49985189941474295
CNN,CNN+LR_withCORAL,128Hz_synthetic,1,2,43002,SYN0020,0,1,0.5000302717938201
CNN,CNN+LR_withCORAL,128Hz_synthetic,1,2,43002,SYN0020,0,1,0.5001660843768347
CNN,CNN+LR_withCORAL,128Hz_synthetic,1,2,43002,SYN0020,0,0,0.4999943420631059
CNN,CNN+LR_withCORAL,128Hz_synthetic,1,2,43002,SYN0020,0,0,0.4999505580682341
CNN,CNN+LR_withCORAL,128Hz_synthetic,1,2,43002,SYN0027,0,0,0.4999693145991126
CNN,CNN+LR_withCORAL,128Hz_synthetic,1,2,43002,SYN0027,0,0,0.4998178732007449
CNN,CNN+LR_withCORAL,128Hz_synthetic,1,2,43002,SYN0027,0,1,0.5000142589792038
CNN,CNN+LR_withCORAL,128Hz_synthetic,1,2,43002,SYN0027,0,1,0.5000911577186616
CNN,CNN+LR_withCORAL,128Hz_synthetic,1,2,43002,SYN0027,0,0,0.49969521312728166
CNN,CNN+LR_withCORAL,128Hz_synthetic,1,2,43002,SYN0028,0,1,0.5003029153160369
CNN,CNN+LR_withCORAL,128Hz_synthetic,1,2,43002,SYN0028,0,1,0.5001090079818206
CNN,CNN+LR_withCORAL,128Hz_synthetic,1,2,43002,SYN0028,0,0,0.4999092585673209
CNN,CNN+LR_withCORAL,128Hz_synthetic,1,2,43002,SYN0028,0,1,0.5002355569806075
